0.07,1.01246e-06,1.25862e-05,3.66e-05,2e-08,"(0,3)","(0,0)",1.0,68928.0
0.07,3.26599e-08,4.06108e-05,2.61e-05,2e-08,"(1,3)","(0,0)",1.0,481.0
0.07,3.26599e-08,1.90641e-05,3.17e-05,2e-08,"(2,3)","(0,0)",1.0,522.0
0.07,6.20537e-07,2.3221e-05,4.166e-05,2e-08,"(3,3)","(0,0)",1.0,444.0
0.07,3.26599e-08,1.21705e-05,2.364e-05,2e-08,"(4,3)","(0,0)",1.0,1652.0
0.07,1.20841e-06,8.4986e-06,1.916e-05,2e-08,"(5,3)","(0,0)",1.0,286.0
0.07,3.26599e-08,1.66046e-05,9.64e-06,2e-08,"(6,3)","(0,0)",1.0,290.0
0.07,1.63299e-06,1.81519e-05,3.396e-05,2e-08,"(7,3)","(0,0)",1.0,260.0
0.07,3.26599e-08,4.02644e-05,2.174e-05,2e-08,"(8,3)","(0,0)",1.0,304.0
0.07,1.11044e-06,3.6477e-05,3.67e-05,2e-08,"(9,3)","(0,0)",1.0,2568.0
0.07,3.26599e-08,2.51956e-05,1.392e-05,2e-08,"(10,3)","(0,0)",1.0,7486.0
0.07,1.53501e-06,3.66617e-05,3.19e-05,2e-08,"(11,3)","(0,0)",1.0,1161.0
0.07,3.26599e-08,3.52761e-05,2.538e-05,2e-08,"(12,3)","(0,0)",1.0,4415.0
0.07,3.26599e-08,2.14197e-05,1.662e-05,2e-08,"(13,3)","(0,0)",1.0,387.0
0.07,1.76363e-06,3.14887e-05,1.798e-05,2e-08,"(14,3)","(0,0)",1.0,9344.0
0.07,3.26599e-08,9.46854e-06,2.6e-05,2e-08,"(15,3)","(0,0)",1.0,286.0
0.07,7.51177e-07,8.56788e-06,3.504e-05,2e-08,"(16,3)","(0,0)",1.0,368.0
0.07,1.69831e-06,2.80592e-05,1.592e-05,2e-08,"(17,3)","(0,0)",1.0,878.0
0.07,3.26599e-08,4.3486e-05,2.708e-05,2e-08,"(18,3)","(0,0)",1.0,615.0
0.07,3.26599e-08,1.7921e-05,2.536e-05,2e-08,"(19,3)","(0,0)",1.0,319.0
0.07,1.95959e-06,2.86135e-05,2.232e-05,2e-08,"(20,3)","(0,0)",1.0,415.0
0.07,1.01246e-06,3.48258e-05,1.18e-05,2e-08,"(21,3)","(0,0)",1.0,1543.0
0.07,5.87878e-07,4.47216e-05,3.182e-05,2e-08,"(22,3)","(0,0)",1.0,1401.0
0.07,3.26599e-08,1.83713e-05,2.042e-05,2e-08,"(23,3)","(0,0)",1.0,4156.0
0.07,1.37171e-06,4.09457e-05,2.82e-05,2e-08,"(24,3)","(0,0)",1.0,313.0
0.07,3.26599e-08,3.32669e-05,3.19e-05,2e-08,"(25,3)","(0,0)",1.0,11627.0
0.07,3.26599e-08,2.90407e-05,3.894e-05,2e-08,"(26,3)","(0,0)",1.0,244.0
0.07,3.26599e-08,4.54952e-05,3.048e-05,2e-08,"(27,3)","(0,0)",1.0,787.0
0.07,9.14476e-07,3.48489e-05,3.856e-05,2e-08,"(28,3)","(0,0)",1.0,914.0
0.07,3.26599e-08,2.24936e-05,2.24e-05,2e-08,"(29,3)","(0,0)",1.0,2560.0
0.07,1.20841e-06,7.00903e-06,2.57e-05,2e-08,"(30,3)","(0,0)",1.0,696.0
0.07,1.07778e-06,2.60616e-05,1.026e-05,2e-08,"(31,3)","(0,0)",1.0,165420.0
0.07,1.92693e-06,1.88909e-05,2.78e-05,2e-08,"(32,3)","(0,0)",1.0,808.0
0.07,3.26599e-08,4.28278e-05,2.926e-05,2e-08,"(33,3)","(0,0)",1.0,546.0
0.07,3.26599e-08,1.35908e-05,1.038e-05,2e-08,"(34,3)","(0,0)",1.0,415.0
0.07,1.53501e-06,2.71355e-05,3.624e-05,2e-08,"(35,3)","(0,0)",1.0,344.0
0.07,3.26599e-08,4.59802e-05,2.968e-05,2e-08,"(36,3)","(0,0)",1.0,1208.0
0.07,1.43703e-06,1.94683e-05,1.332e-05,2e-08,"(37,3)","(0,0)",1.0,345.0
0.07,3.26599e-08,2.17661e-05,3.51e-05,2e-08,"(38,3)","(0,0)",1.0,1177.0
0.07,1.04512e-06,2.00918e-05,3.956e-05,2e-08,"(39,3)","(0,0)",1.0,1292.0
0.07,1.82895e-06,3.42946e-05,2.276e-05,2e-08,"(40,3)","(0,0)",1.0,284.0
0.07,3.26599e-07,3.39482e-06,2.912e-05,2e-08,"(41,3)","(0,0)",1.0,309.0
0.07,7.83837e-07,7.5171e-06,3.382e-05,2e-08,"(42,3)","(0,0)",1.0,2555.0
0.07,7.51177e-07,3.69735e-05,1.156e-05,2e-08,"(43,3)","(0,0)",1.0,1144.0
0.07,1.53501e-06,3.02185e-05,3.562e-05,2e-08,"(44,3)","(0,0)",1.0,627.0
0.07,7.18517e-07,1.95722e-05,9.22e-06,2e-08,"(45,3)","(0,0)",1.0,6609.0
0.07,3.26599e-08,2.32557e-05,4.088e-05,2e-08,"(46,3)","(0,0)",1.0,2054.0
0.07,1.63299e-06,3.02762e-05,3.432e-05,2e-08,"(47,3)","(0,0)",1.0,730.0
0.07,6.20537e-07,6.90511e-06,1.604e-05,2e-08,"(48,3)","(0,0)",1.0,1709.0
0.07,3.26599e-08,2.02073e-05,1.808e-05,2e-08,"(49,3)","(0,0)",1.0,497.0
0.07,3.26599e-08,4.24814e-05,2.374e-05,2e-08,"(50,3)","(0,0)",1.0,583.0
0.07,3.26599e-08,3.43062e-05,2.498e-05,2e-08,"(51,3)","(0,0)",1.0,285.0
0.07,3.26599e-08,2.33596e-05,3.73e-05,2e-08,"(52,3)","(0,0)",1.0,261.0
0.07,3.26599e-08,2.65119e-05,1.472e-05,2e-08,"(53,3)","(0,0)",1.0,1190.0
0.07,1.56767e-06,1.81173e-05,1.55e-05,2e-08,"(54,3)","(0,0)",1.0,2203.0
0.07,1.76363e-06,3.31515e-05,3.09e-05,2e-08,"(55,3)","(0,0)",1.0,865.0
0.07,1.86161e-06,1.84059e-05,2.112e-05,2e-08,"(56,3)","(0,0)",1.0,424.0
0.07,3.59258e-07,3.28859e-05,8.88e-06,2e-08,"(57,3)","(0,0)",1.0,282.0
0.07,1.33905e-06,2.59577e-05,3.82e-05,2e-08,"(58,3)","(0,0)",1.0,219.0
0.07,1.69831e-06,3.67541e-05,2.218e-05,2e-08,"(59,3)","(0,0)",1.0,413.0
0.07,3.26599e-08,3.29552e-05,3.264e-05,2e-08,"(60,3)","(0,0)",1.0,5561.0
0.07,1.56767e-06,3.72737e-05,3.02e-05,2e-08,"(61,3)","(0,0)",1.0,312.0
0.07,5.55218e-07,3.44101e-06,2.356e-05,2e-08,"(62,3)","(0,0)",1.0,530.0
0.07,3.26599e-08,1.85791e-05,3.318e-05,2e-08,"(63,3)","(0,0)",1.0,506.0
0.07,3.26599e-08,3.94677e-05,2.828e-05,2e-08,"(64,3)","(0,0)",1.0,1425.0
0.07,3.91918e-07,2.71586e-05,4.212e-05,2e-08,"(65,3)","(0,0)",1.0,657.0
0.07,1.11044e-06,4.30241e-05,2.956e-05,2e-08,"(66,3)","(0,0)",1.0,243.0
0.07,6.53197e-08,1.17779e-05,1.084e-05,2e-08,"(67,3)","(0,0)",1.0,241.0
0.07,3.26599e-08,3.34748e-05,2.662e-05,2e-08,"(68,3)","(0,0)",1.0,3616.0
0.07,1.95959e-06,2.01264e-05,2.738e-05,2e-08,"(69,3)","(0,0)",1.0,420.0
0.07,3.26599e-08,1.24823e-05,2.754e-05,2e-08,"(70,3)","(0,0)",1.0,602.0
0.07,9.79796e-08,3.10153e-05,4.188e-05,2e-08,"(71,3)","(0,0)",1.0,241.0
0.07,3.59258e-07,3.74238e-05,3.93e-05,2e-08,"(72,3)","(0,0)",1.0,1947.0
0.07,1.95959e-06,2.96527e-05,2.636e-05,2e-08,"(73,3)","(0,0)",1.0,296.0
0.07,3.26599e-08,2.83825e-05,1.536e-05,2e-08,"(74,3)","(0,0)",1.0,282.0
0.07,3.26599e-08,3.42022e-05,1.3e-05,2e-08,"(75,3)","(0,0)",1.0,1333.0
0.07,1.73097e-06,3.54839e-05,2.874e-05,2e-08,"(76,3)","(0,0)",1.0,295.0
0.07,3.26599e-08,2.75512e-05,2.644e-05,2e-08,"(77,3)","(0,0)",1.0,1505.0
0.07,3.26599e-08,9.60711e-06,3.736e-05,2e-08,"(78,3)","(0,0)",1.0,295.0
0.07,3.26599e-08,3.1812e-05,1.786e-05,2e-08,"(79,3)","(0,0)",1.0,1535.0
0.07,3.26599e-08,3.538e-05,3.668e-05,2e-08,"(80,3)","(0,0)",1.0,3232.0
0.07,3.26599e-08,6.28157e-06,3.064e-05,2e-08,"(81,3)","(0,0)",1.0,231.0
0.07,1.17576e-06,3.37057e-05,1.254e-05,2e-08,"(82,3)","(0,0)",1.0,230.0
0.07,3.26599e-08,3.48604e-05,3.402e-05,2e-08,"(83,3)","(0,0)",1.0,220.0
0.07,1.37171e-06,1.69395e-05,3.63e-05,2e-08,"(84,3)","(0,0)",1.0,671.0
0.07,3.26599e-08,4.79201e-06,2.838e-05,2e-08,"(85,3)","(0,0)",1.0,483.0
0.07,3.26599e-08,3.26434e-05,2.998e-05,2e-08,"(86,3)","(0,0)",1.0,219.0
0.07,7.83837e-07,5.92361e-06,3.13e-05,2e-08,"(87,3)","(0,0)",1.0,3491.0
0.07,1.43703e-06,1.61081e-05,1.474e-05,2e-08,"(88,3)","(0,0)",1.0,1223.0
0.07,3.26599e-08,2.39138e-05,3.942e-05,2e-08,"(89,3)","(0,0)",1.0,375.0
0.07,3.26599e-08,1.24823e-05,2.894e-05,2e-08,"(90,3)","(0,0)",1.0,2504.0
0.07,3.26599e-08,1.14777e-05,2.628e-05,2e-08,"(91,3)","(0,0)",1.0,1136.0
0.07,3.26599e-08,4.49409e-05,3.024e-05,2e-08,"(92,3)","(0,0)",1.0,308.0
0.07,3.26599e-08,2.49184e-05,1.508e-05,2e-08,"(93,3)","(0,0)",1.0,634.0
0.07,3.26599e-08,1.67778e-05,3.15e-05,2e-08,"(94,3)","(0,0)",1.0,235.0
0.07,3.26599e-08,3.51029e-05,2.68e-05,2e-08,"(95,3)","(0,0)",1.0,442.0
0.07,1.04512e-06,3.66156e-05,3.69e-05,2e-08,"(96,3)","(0,0)",1.0,270.0
0.07,1.24107e-06,4.13267e-05,1.946e-05,2e-08,"(97,3)","(0,0)",1.0,3092.0
0.07,1.37171e-06,1.06694e-05,3.14e-05,2e-08,"(98,3)","(0,0)",1.0,244.0
0.07,8.49156e-07,3.22508e-05,1.014e-05,2e-08,"(99,3)","(0,0)",1.0,227.0
0.07,3.26599e-08,9.53783e-06,3.172e-05,2e-08,"(100,3)","(0,0)",1.0,350.0
0.07,3.26599e-08,1.98608e-05,1.064e-05,2e-08,"(101,3)","(0,0)",1.0,5024.0
0.07,3.26599e-08,1.89948e-05,1.518e-05,2e-08,"(102,3)","(0,0)",1.0,588.0
0.07,3.26599e-08,3.82206e-05,2.212e-05,2e-08,"(103,3)","(0,0)",1.0,490.0
0.07,3.26599e-08,2.34635e-05,3.444e-05,2e-08,"(104,3)","(0,0)",1.0,2839.0
0.07,1.33905e-06,3.97102e-05,1.874e-05,2e-08,"(105,3)","(0,0)",1.0,246.0
0.07,1.04512e-06,6.61643e-06,2.97e-05,2e-08,"(106,3)","(0,0)",1.0,388.0
0.07,3.26599e-08,3.28859e-05,3.32e-05,2e-08,"(107,3)","(0,0)",1.0,282.0
0.07,1.63299e-06,1.31289e-05,2.038e-05,2e-08,"(108,3)","(0,0)",1.0,535.0
0.07,3.26599e-08,1.13045e-05,3.27e-05,2e-08,"(109,3)","(0,0)",1.0,1645.0
0.07,6.85857e-07,3.10153e-05,4.08e-05,2e-08,"(110,3)","(0,0)",1.0,3900.0
0.07,3.26599e-08,3.62114e-05,2.036e-05,2e-08,"(111,3)","(0,0)",1.0,636.0
0.07,3.26599e-08,3.80127e-05,2.848e-05,2e-08,"(112,3)","(0,0)",1.0,31411.0
0.07,3.26599e-08,1.01614e-05,3.636e-05,2e-08,"(113,3)","(0,0)",1.0,1603.0
0.07,1.76363e-06,1.45146e-05,2.642e-05,2e-08,"(114,3)","(0,0)",1.0,328.0
0.07,9.47136e-07,7.00903e-06,3.154e-05,2e-08,"(115,3)","(0,0)",1.0,420.0
0.07,1.66565e-06,3.49297e-05,1.886e-05,2e-08,"(116,3)","(0,0)",1.0,252.0
0.07,1.40437e-06,1.27941e-05,1.68e-05,2e-08,"(117,3)","(0,0)",1.0,470.0
0.07,1.63299e-06,2.58768e-05,3.538e-05,2e-08,"(118,3)","(0,0)",1.0,2423.0
0.07,1.56767e-06,1.28518e-05,1.898e-05,2e-08,"(119,3)","(0,0)",1.0,418.0
0.07,3.26599e-08,2.82093e-05,2.082e-05,2e-08,"(120,3)","(0,0)",1.0,495.0
0.07,1.37171e-06,1.95375e-05,1.276e-05,2e-08,"(121,3)","(0,0)",1.0,653.0
0.07,1.92693e-06,2.73433e-05,2.016e-05,2e-08,"(122,3)","(0,0)",1.0,897.0
0.07,3.26599e-08,3.48604e-05,1.53e-05,2e-08,"(123,3)","(0,0)",1.0,1400.0
0.07,3.26599e-08,3.56918e-05,3.254e-05,2e-08,"(124,3)","(0,0)",1.0,255.0
0.07,3.26599e-08,1.66392e-05,3.414e-05,2e-08,"(125,3)","(0,0)",1.0,415.0
0.07,3.26599e-08,3.60036e-05,1.804e-05,2e-08,"(126,3)","(0,0)",1.0,1075.0
0.07,1.01246e-06,1.89602e-05,3.94e-05,2e-08,"(127,3)","(0,0)",1.0,16988.0
0.07,3.26599e-08,4.08187e-05,2.222e-05,2e-08,"(128,3)","(0,0)",1.0,4915.0
0.07,3.26599e-08,1.87523e-05,1.84e-05,2e-08,"(129,3)","(0,0)",1.0,1650.0
0.07,3.26599e-08,7.42472e-06,2.162e-05,2e-08,"(130,3)","(0,0)",1.0,1883.0
0.07,1.69831e-06,2.39716e-05,1.576e-05,2e-08,"(131,3)","(0,0)",1.0,248.0
0.07,1.89427e-06,1.72859e-05,2.466e-05,2e-08,"(132,3)","(0,0)",1.0,344.0
0.07,5.55218e-07,4.26893e-05,3.474e-05,2e-08,"(133,3)","(0,0)",1.0,1388.0
0.07,3.26599e-08,3.09113e-05,3.806e-05,2e-08,"(134,3)","(0,0)",1.0,569.0
0.07,3.26599e-08,2.67544e-05,1.598e-05,2e-08,"(135,3)","(0,0)",1.0,1066.0
0.07,3.26599e-08,2.32557e-05,1.048e-05,2e-08,"(136,3)","(0,0)",1.0,1221019.0
0.07,3.26599e-08,2.26321e-05,1.216e-05,2e-08,"(137,3)","(0,0)",1.0,1651.0
0.07,3.26599e-08,4.165e-05,3.654e-05,2e-08,"(138,3)","(0,0)",1.0,252.0
0.07,3.26599e-08,3.9433e-05,1.986e-05,2e-08,"(139,3)","(0,0)",1.0,492.0
0.07,3.26599e-08,4.54606e-05,2.794e-05,2e-08,"(140,3)","(0,0)",1.0,350.0
0.07,3.26599e-08,2.16275e-05,2.762e-05,2e-08,"(141,3)","(0,0)",1.0,948.0
0.07,6.20537e-07,1.9168e-05,4.104e-05,2e-08,"(142,3)","(0,0)",1.0,535.0
0.07,1.79629e-06,3.49643e-05,2.328e-05,2e-08,"(143,3)","(0,0)",1.0,293.0
0.07,3.26599e-08,2.44681e-05,3.526e-05,2e-08,"(144,3)","(0,0)",1.0,880.0
0.07,3.26599e-08,3.63846e-05,3.366e-05,2e-08,"(145,3)","(0,0)",1.0,1139.0
0.07,1.82895e-06,2.04728e-05,3.178e-05,2e-08,"(146,3)","(0,0)",1.0,270.0
0.07,9.14476e-07,3.61999e-05,3.802e-05,2e-08,"(147,3)","(0,0)",1.0,11900.0
0.07,1.86161e-06,2.64426e-05,1.808e-05,2e-08,"(148,3)","(0,0)",1.0,262.0
0.07,3.26599e-08,3.53454e-05,2.686e-05,2e-08,"(149,3)","(0,0)",1.0,784.0
0.07,1.43703e-06,3.11076e-05,1.368e-05,2e-08,"(150,3)","(0,0)",1.0,4634.0
0.07,1.07778e-06,2.67544e-05,1.018e-05,2e-08,"(151,3)","(0,0)",1.0,2162.0
0.07,1.95959e-06,2.5669e-05,2.042e-05,2e-08,"(152,3)","(0,0)",1.0,376.0
0.07,1.11044e-06,1.26093e-05,1.392e-05,2e-08,"(153,3)","(0,0)",1.0,527.0
0.07,3.26599e-08,1.09581e-05,1.95e-05,2e-08,"(154,3)","(0,0)",1.0,1116.0
0.07,3.26599e-08,2.57498e-05,3.96e-05,2e-08,"(155,3)","(0,0)",1.0,1171.0
0.07,3.26599e-08,3.538e-05,3.196e-05,2e-08,"(156,3)","(0,0)",1.0,255.0
0.07,6.85857e-07,4.16847e-06,2.174e-05,2e-08,"(157,3)","(0,0)",1.0,959.0
0.07,3.26599e-08,4.96521e-06,1.756e-05,2e-08,"(158,3)","(0,0)",1.0,443.0
0.07,1.30639e-06,4.20196e-05,2.35e-05,2e-08,"(159,3)","(0,0)",1.0,635.0
0.07,1.17576e-06,1.01845e-05,3.324e-05,2e-08,"(160,3)","(0,0)",1.0,5056.0
0.07,3.26599e-08,3.49297e-05,1.266e-05,2e-08,"(161,3)","(0,0)",1.0,315.0
0.07,9.79796e-07,5.75041e-06,2.184e-05,2e-08,"(162,3)","(0,0)",1.0,338.0
0.07,3.26599e-08,2.71008e-05,3.738e-05,2e-08,"(163,3)","(0,0)",1.0,1149.0
0.07,1.24107e-06,4.25392e-05,2.248e-05,2e-08,"(164,3)","(0,0)",1.0,447.0
0.07,3.26599e-08,1.4249e-05,1.896e-05,2e-08,"(165,3)","(0,0)",1.0,288.0
0.07,1.30639e-06,4.12575e-05,2.03e-05,2e-08,"(166,3)","(0,0)",1.0,1623.0
0.07,1.76363e-06,1.76669e-05,3.108e-05,2e-08,"(167,3)","(0,0)",1.0,409.0
0.07,3.26599e-08,8.32539e-06,1.578e-05,2e-08,"(168,3)","(0,0)",1.0,3587.0
0.07,3.26599e-08,7.39008e-06,1.524e-05,2e-08,"(169,3)","(0,0)",1.0,532.0
0.07,3.26599e-08,4.4456e-06,2.882e-05,2e-08,"(170,3)","(0,0)",1.0,764.0
0.07,3.26599e-08,7.35544e-06,2.99e-05,2e-08,"(171,3)","(0,0)",1.0,324.0
0.07,3.26599e-08,2.30478e-05,1.768e-05,2e-08,"(172,3)","(0,0)",1.0,315.0
0.07,5.55218e-07,1.54268e-05,4.016e-05,2e-08,"(173,3)","(0,0)",1.0,1374.0
0.07,3.26599e-08,2.78283e-05,1.912e-05,2e-08,"(174,3)","(0,0)",1.0,430.0
0.07,8.49156e-07,5.88897e-06,3.06e-05,2e-08,"(175,3)","(0,0)",1.0,219.0
0.07,4.24578e-07,6.90511e-06,3.476e-05,2e-08,"(176,3)","(0,0)",1.0,3740.0
0.07,1.73097e-06,2.88675e-05,1.672e-05,2e-08,"(177,3)","(0,0)",1.0,614.0
0.07,3.26599e-08,5.58875e-06,1.628e-05,2e-08,"(178,3)","(0,0)",1.0,361.0
0.07,1.82895e-06,3.33593e-05,2.806e-05,2e-08,"(179,3)","(0,0)",1.0,677.0
0.07,1.73097e-06,1.3383e-05,2.686e-05,2e-08,"(180,3)","(0,0)",1.0,375.0
0.07,4.89898e-07,4.89593e-06,3.172e-05,2e-08,"(181,3)","(0,0)",1.0,4721.0
0.07,3.26599e-08,1.85445e-05,1.472e-05,2e-08,"(182,3)","(0,0)",1.0,283.0
0.07,3.26599e-08,3.12924e-06,2.122e-05,2e-08,"(183,3)","(0,0)",1.0,492.0
0.07,1.50235e-06,3.88672e-05,2.944e-05,2e-08,"(184,3)","(0,0)",1.0,417.0
0.07,3.26599e-08,2.03458e-05,3.488e-05,2e-08,"(185,3)","(0,0)",1.0,220.0
0.07,1.99225e-06,2.36021e-05,2.304e-05,2e-08,"(186,3)","(0,0)",1.0,10565.0
0.07,3.26599e-08,4.17193e-05,1.426e-05,2e-08,"(187,3)","(0,0)",1.0,408.0
0.07,1.11044e-06,1.99879e-05,1.078e-05,2e-08,"(188,3)","(0,0)",1.0,7903.0
0.07,1.33905e-06,2.36714e-05,1.184e-05,2e-08,"(189,3)","(0,0)",1.0,461.0
0.07,3.26599e-08,1.23784e-05,2.308e-05,2e-08,"(190,3)","(0,0)",1.0,245.0
0.07,1.95959e-06,2.98259e-05,2.558e-05,2e-08,"(191,3)","(0,0)",1.0,314.0
0.07,1.95959e-06,2.31402e-05,2.18e-05,2e-08,"(192,3)","(0,0)",1.0,263.0
0.07,1.79629e-06,1.57386e-05,2.79e-05,2e-08,"(193,3)","(0,0)",1.0,380.0
0.07,3.26599e-08,1.97223e-05,1.492e-05,2e-08,"(194,3)","(0,0)",1.0,1522.0
0.07,3.26599e-08,2.15929e-05,3.56e-05,2e-08,"(195,3)","(0,0)",1.0,1797.0
0.07,3.26599e-08,4.68808e-05,2.72e-05,2e-08,"(196,3)","(0,0)",1.0,539.0
0.07,8.81816e-07,1.16163e-05,3.696e-05,2e-08,"(197,3)","(0,0)",1.0,247.0
0.07,3.26599e-08,4.38324e-05,3.132e-05,2e-08,"(198,3)","(0,0)",1.0,540.0
0.07,9.47136e-07,4.47677e-05,2.37e-05,2e-08,"(199,3)","(0,0)",1.0,329.0
0.07,1.01246e-06,4.0299e-05,1.564e-05,2e-08,"(200,3)","(0,0)",1.0,5873.0
0.07,3.26599e-08,1.53922e-05,9.94e-06,2e-08,"(201,3)","(0,0)",1.0,846.0
0.07,3.26599e-07,4.67307e-05,2.854e-05,2e-08,"(202,3)","(0,0)",1.0,4142.0
0.07,1.30639e-06,2.30363e-05,1.158e-05,2e-08,"(203,3)","(0,0)",1.0,2601.0
0.07,1.56767e-06,3.19737e-05,1.53e-05,2e-08,"(204,3)","(0,0)",1.0,225.0
0.07,3.26599e-08,1.5219e-05,2.304e-05,2e-08,"(205,3)","(0,0)",1.0,373.0
0.07,1.50235e-06,3.97679e-05,2.652e-05,2e-08,"(206,3)","(0,0)",1.0,314.0
0.07,3.26599e-08,3.37173e-05,3.356e-05,2e-08,"(207,3)","(0,0)",1.0,245.0
0.07,3.26599e-08,2.32903e-05,4.062e-05,2e-08,"(208,3)","(0,0)",1.0,1296.0
0.07,1.92693e-06,2.73433e-05,2.056e-05,2e-08,"(209,3)","(0,0)",1.0,639.0
0.07,3.26599e-08,3.60382e-05,2.438e-05,2e-08,"(210,3)","(0,0)",1.0,565.0
0.07,1.17576e-06,1.83944e-05,3.826e-05,2e-08,"(211,3)","(0,0)",1.0,1638.0
0.07,3.26599e-08,3.46872e-05,2.684e-05,2e-08,"(212,3)","(0,0)",1.0,294.0
0.07,3.26599e-08,2.03805e-05,2.226e-05,2e-08,"(213,3)","(0,0)",1.0,362.0
0.07,1.66565e-06,1.2413e-05,2.746e-05,2e-08,"(214,3)","(0,0)",1.0,227.0
0.07,3.26599e-08,4.6673e-05,2.644e-05,2e-08,"(215,3)","(0,0)",1.0,930.0
0.07,3.26599e-08,1.06117e-05,2.222e-05,2e-08,"(216,3)","(0,0)",1.0,234.0
0.07,2.28619e-07,2.24243e-05,7.72e-06,2e-08,"(217,3)","(0,0)",1.0,300.0
0.07,5.87878e-07,1.99532e-05,4.128e-05,2e-08,"(218,3)","(0,0)",1.0,2701.0
0.07,5.22558e-07,4.35784e-05,3.38e-05,2e-08,"(219,3)","(0,0)",1.0,230.0
0.07,1.01246e-06,3.8948e-05,1.43e-05,2e-08,"(220,3)","(0,0)",1.0,276.0
0.07,1.86161e-06,2.30825e-05,3.126e-05,2e-08,"(221,3)","(0,0)",1.0,2140.0
0.07,1.79629e-06,2.50916e-05,3.274e-05,2e-08,"(222,3)","(0,0)",1.0,1651.0
0.07,3.26599e-08,3.538e-05,2.384e-05,2e-08,"(223,3)","(0,0)",1.0,1643.0
0.07,9.14476e-07,8.97202e-06,3.446e-05,2e-08,"(224,3)","(0,0)",1.0,572.0
0.07,9.47136e-07,5.55411e-06,2.174e-05,2e-08,"(225,3)","(0,0)",1.0,1473.0
0.07,3.26599e-08,2.03458e-05,2.264e-05,2e-08,"(226,3)","(0,0)",1.0,517.0
0.07,3.26599e-08,3.74931e-05,2.178e-05,2e-08,"(227,3)","(0,0)",1.0,59550.0
0.07,3.26599e-08,2.87982e-05,1.572e-05,2e-08,"(228,3)","(0,0)",1.0,258.0
0.07,3.26599e-08,4.63959e-05,2.476e-05,2e-08,"(229,3)","(0,0)",1.0,254.0
0.07,3.26599e-08,1.90987e-05,2.82e-05,2e-08,"(230,3)","(0,0)",1.0,742.0
0.07,1.99225e-06,2.74126e-05,2.372e-05,2e-08,"(231,3)","(0,0)",1.0,1423.0
0.07,3.26599e-08,1.09235e-05,1.684e-05,2e-08,"(232,3)","(0,0)",1.0,338.0
0.07,3.26599e-08,1.1062e-05,1.436e-05,2e-08,"(233,3)","(0,0)",1.0,1726.0
0.07,5.87878e-07,2.64657e-05,8.28e-06,2e-08,"(234,3)","(0,0)",1.0,2517.0
0.07,1.66565e-06,3.74931e-05,2.53e-05,2e-08,"(235,3)","(0,0)",1.0,3079.0
0.07,8.49156e-07,3.96293e-05,3.608e-05,2e-08,"(236,3)","(0,0)",1.0,353.0
0.07,3.26599e-08,7.39008e-06,2.872e-05,2e-08,"(237,3)","(0,0)",1.0,406.0
0.07,1.24107e-06,9.24915e-06,3.154e-05,2e-08,"(238,3)","(0,0)",1.0,318.0
0.07,1.99225e-06,2.34289e-05,2.406e-05,2e-08,"(239,3)","(0,0)",1.0,284.0
0.07,1.33905e-06,1.80942e-05,1.294e-05,2e-08,"(240,3)","(0,0)",1.0,222.0
0.07,3.26599e-08,1.50804e-05,2.468e-05,2e-08,"(241,3)","(0,0)",1.0,245.0
0.07,1.30639e-06,9.457e-06,3.046e-05,2e-08,"(242,3)","(0,0)",1.0,7530.0
0.07,3.26599e-08,7.39008e-06,2.308e-05,2e-08,"(243,3)","(0,0)",1.0,976.0
0.07,3.26599e-08,3.98487e-05,3.522e-05,2e-08,"(244,3)","(0,0)",1.0,522.0
0.07,9.79796e-07,4.12921e-05,1.628e-05,2e-08,"(245,3)","(0,0)",1.0,12208.0
0.07,1.56767e-06,1.90179e-05,3.498e-05,2e-08,"(246,3)","(0,0)",1.0,1621859.0
0.07,3.26599e-08,2.77244e-05,2.63e-05,2e-08,"(247,3)","(0,0)",1.0,311.0
0.07,8.49156e-07,6.09682e-06,3.128e-05,2e-08,"(248,3)","(0,0)",1.0,225.0
0.07,1.11044e-06,3.956e-05,3.428e-05,2e-08,"(249,3)","(0,0)",1.0,4675.0
0.07,3.26599e-08,2.1974e-05,4.15e-05,2e-08,"(250,3)","(0,0)",1.0,1059.0
0.07,3.26599e-08,2.1489e-05,3.594e-05,2e-08,"(251,3)","(0,0)",1.0,277.0
0.07,3.26599e-08,2.69969e-05,1.496e-05,2e-08,"(252,3)","(0,0)",1.0,2847.0
0.07,9.79796e-07,1.10851e-05,3.6e-05,2e-08,"(253,3)","(0,0)",1.0,25171.0
0.07,1.79629e-06,1.96184e-05,3.15e-05,2e-08,"(254,3)","(0,0)",1.0,689.0
0.07,1.63299e-07,1.81634e-05,8.38e-06,2e-08,"(255,3)","(0,0)",1.0,2875.0
0.07,1.95959e-06,2.98952e-05,2.494e-05,2e-08,"(256,3)","(0,0)",1.0,804.0
0.07,3.26599e-08,4.20311e-05,3.244e-05,2e-08,"(257,3)","(0,0)",1.0,308.0
0.07,3.26599e-08,4.50449e-05,3.034e-05,2e-08,"(258,3)","(0,0)",1.0,369.0
0.07,1.33905e-06,1.42836e-05,3.522e-05,2e-08,"(259,3)","(0,0)",1.0,346.0
0.07,3.26599e-08,3.70774e-05,1.03e-05,2e-08,"(260,3)","(0,0)",1.0,334.0
0.07,3.26599e-08,2.04497e-05,1.01e-05,2e-08,"(261,3)","(0,0)",1.0,61001.0
0.07,3.26599e-08,4.49409e-05,2.556e-05,2e-08,"(262,3)","(0,0)",1.0,3545.0
0.07,3.26599e-08,2.23896e-05,2.714e-05,2e-08,"(263,3)","(0,0)",1.0,2116.0
0.07,3.26599e-08,1.61543e-05,3.142e-05,2e-08,"(264,3)","(0,0)",1.0,220.0
0.07,3.26599e-08,4.07494e-05,2.71e-05,2e-08,"(265,3)","(0,0)",1.0,353.0
0.07,3.26599e-08,7.49401e-06,2.938e-05,2e-08,"(266,3)","(0,0)",1.0,279.0
0.07,1.63299e-06,2.46298e-05,1.458e-05,2e-08,"(267,3)","(0,0)",1.0,731.0
0.07,1.30639e-06,1.27479e-05,3.444e-05,2e-08,"(268,3)","(0,0)",1.0,989.0
0.07,1.53501e-06,2.63734e-05,3.652e-05,2e-08,"(269,3)","(0,0)",1.0,223.0
0.07,3.26599e-08,3.96755e-05,2.18e-05,2e-08,"(270,3)","(0,0)",1.0,224.0
0.07,1.46969e-06,2.15236e-05,3.664e-05,2e-08,"(271,3)","(0,0)",1.0,1893.0
0.07,3.26599e-08,3.49643e-05,2.628e-05,2e-08,"(272,3)","(0,0)",1.0,335.0
0.07,3.26599e-08,2.5542e-05,2.568e-05,2e-08,"(273,3)","(0,0)",1.0,234.0
0.07,3.26599e-08,2.25628e-05,3.84e-05,2e-08,"(274,3)","(0,0)",1.0,2592.0
0.07,3.26599e-08,4.06108e-05,2.722e-05,2e-08,"(275,3)","(0,0)",1.0,6455.0
0.07,3.26599e-07,1.81865e-05,4.146e-05,2e-08,"(276,3)","(0,0)",1.0,349.0
0.07,3.26599e-08,1.26902e-05,3.582e-05,2e-08,"(277,3)","(0,0)",1.0,482.0
0.07,1.73097e-06,3.20198e-05,3.234e-05,2e-08,"(278,3)","(0,0)",1.0,2141.0
0.07,3.26599e-08,8.15219e-06,3.632e-05,2e-08,"(279,3)","(0,0)",1.0,442.0
0.07,1.66565e-06,3.59343e-05,1.976e-05,2e-08,"(280,3)","(0,0)",1.0,389.0
0.07,8.16497e-07,3.25048e-05,3.998e-05,2e-08,"(281,3)","(0,0)",1.0,242.0
0.07,3.26599e-08,2.50224e-05,3.91e-05,2e-08,"(282,3)","(0,0)",1.0,14378.0
0.07,8.16497e-07,4.49063e-05,2.91e-05,2e-08,"(283,3)","(0,0)",1.0,405.0
0.07,3.26599e-08,1.98955e-05,1.686e-05,2e-08,"(284,3)","(0,0)",1.0,730.0
0.07,3.26599e-08,8.74108e-06,1.394e-05,2e-08,"(285,3)","(0,0)",1.0,699.0
0.07,1.95959e-06,2.42487e-05,2.952e-05,2e-08,"(286,3)","(0,0)",1.0,508.0
0.07,4.57238e-07,3.89365e-05,1.18e-05,2e-08,"(287,3)","(0,0)",1.0,252.0
0.07,3.26599e-08,3.19506e-05,3.134e-05,2e-08,"(288,3)","(0,0)",1.0,652.0
0.07,1.50235e-06,2.31748e-05,3.678e-05,2e-08,"(289,3)","(0,0)",1.0,282.0
0.07,3.26599e-08,2.86943e-05,1.226e-05,2e-08,"(290,3)","(0,0)",1.0,237.0
0.07,3.26599e-08,2.83825e-05,1.556e-05,2e-08,"(291,3)","(0,0)",1.0,1978.0
0.07,8.16497e-07,3.43062e-05,3.926e-05,2e-08,"(292,3)","(0,0)",1.0,366.0
0.07,1.63299e-07,4.30357e-05,3.542e-05,2e-08,"(293,3)","(0,0)",1.0,274.0
0.07,3.26599e-08,3.03224e-05,3.496e-05,2e-08,"(294,3)","(0,0)",1.0,9230.0
0.07,3.26599e-08,1.57386e-05,2.878e-05,2e-08,"(295,3)","(0,0)",1.0,367.0
0.07,1.82895e-06,1.56924e-05,2.286e-05,2e-08,"(296,3)","(0,0)",1.0,4456.0
0.07,3.26599e-08,2.76897e-05,3.828e-05,2e-08,"(297,3)","(0,0)",1.0,238.0
0.07,3.26599e-08,2.22857e-05,2.136e-05,2e-08,"(298,3)","(0,0)",1.0,1059.0
0.07,3.26599e-08,3.48604e-05,3.794e-05,2e-08,"(299,3)","(0,0)",1.0,654.0
0.07,8.81816e-07,1.02653e-05,1.406e-05,2e-08,"(300,3)","(0,0)",1.0,1954.0
0.07,3.26599e-08,2.98721e-05,3.73e-05,2e-08,"(301,3)","(0,0)",1.0,375.0
0.07,3.26599e-08,2.4676e-05,1.23e-05,2e-08,"(302,3)","(0,0)",1.0,220.0
0.07,3.26599e-08,5.41555e-06,1.994e-05,2e-08,"(303,3)","(0,0)",1.0,6626.0
0.07,3.26599e-08,3.98141e-05,3.18e-05,2e-08,"(304,3)","(0,0)",1.0,233.0
0.07,1.95959e-06,2.98259e-05,2.738e-05,2e-08,"(305,3)","(0,0)",1.0,254.0
0.07,9.14476e-07,2.605e-05,9.44e-06,2e-08,"(306,3)","(0,0)",1.0,365.0
0.07,1.92693e-06,1.94798e-05,2.818e-05,2e-08,"(307,3)","(0,0)",1.0,352.0
0.07,3.26599e-08,2.3221e-05,3.038e-05,2e-08,"(308,3)","(0,0)",1.0,301.0
0.07,1.82895e-06,3.4156e-05,2.508e-05,2e-08,"(309,3)","(0,0)",1.0,1163.0
0.07,3.26599e-08,8.0829e-06,1.56e-05,2e-08,"(310,3)","(0,0)",1.0,1054.0
0.07,3.26599e-08,4.50795e-05,3.044e-05,2e-08,"(311,3)","(0,0)",1.0,10938.0
0.07,1.07778e-06,1.54614e-05,3.782e-05,2e-08,"(312,3)","(0,0)",1.0,235.0
0.07,3.26599e-08,6.14301e-06,2.308e-05,2e-08,"(313,3)","(0,0)",1.0,1978.0
0.07,8.16497e-07,1.03346e-05,1.362e-05,2e-08,"(314,3)","(0,0)",1.0,381.0
0.07,5.87878e-07,4.37516e-05,1.662e-05,2e-08,"(315,3)","(0,0)",1.0,249.0
0.07,1.95959e-06,1.95722e-05,2.414e-05,2e-08,"(316,3)","(0,0)",1.0,222.0
0.07,3.26599e-08,4.51834e-05,2.206e-05,2e-08,"(317,3)","(0,0)",1.0,1676.0
0.07,3.26599e-08,3.84284e-05,2.444e-05,2e-08,"(318,3)","(0,0)",1.0,2333.0
0.07,3.26599e-08,4.35553e-05,1.736e-05,2e-08,"(319,3)","(0,0)",1.0,74985.0
0.07,3.26599e-08,3.35094e-05,1.752e-05,2e-08,"(320,3)","(0,0)",1.0,2459.0
0.07,1.89427e-06,1.81519e-05,2.276e-05,2e-08,"(321,3)","(0,0)",1.0,2004.0
0.07,1.79629e-06,3.4999e-05,2.638e-05,2e-08,"(322,3)","(0,0)",1.0,5054.0
0.07,3.26599e-08,2.73779e-05,3.974e-05,2e-08,"(323,3)","(0,0)",1.0,425.0
0.07,1.17576e-06,1.0808e-05,1.608e-05,2e-08,"(324,3)","(0,0)",1.0,855.0
0.07,1.86161e-06,3.37173e-05,2.648e-05,2e-08,"(325,3)","(0,0)",1.0,375.0
0.07,3.26599e-08,2.78283e-05,1.424e-05,2e-08,"(326,3)","(0,0)",1.0,1540.0
0.07,3.26599e-08,4.0403e-05,1.706e-05,2e-08,"(327,3)","(0,0)",1.0,327.0
0.07,1.63299e-06,2.6535e-05,3.528e-05,2e-08,"(328,3)","(0,0)",1.0,237.0
0.07,8.16497e-07,4.31396e-05,3.276e-05,2e-08,"(329,3)","(0,0)",1.0,1078.0
0.07,1.79629e-06,2.74126e-05,1.736e-05,2e-08,"(330,3)","(0,0)",1.0,490.0
0.07,1.30639e-06,3.83822e-05,3.348e-05,2e-08,"(331,3)","(0,0)",1.0,349.0
0.07,3.26599e-08,1.3868e-05,3.618e-05,2e-08,"(332,3)","(0,0)",1.0,319.0
0.07,3.26599e-08,4.33128e-05,1.814e-05,2e-08,"(333,3)","(0,0)",1.0,450.0
0.07,1.50235e-06,3.93868e-05,2.794e-05,2e-08,"(334,3)","(0,0)",1.0,219.0
0.07,1.20841e-06,7.39008e-06,2.18e-05,2e-08,"(335,3)","(0,0)",1.0,372.0
0.07,5.22558e-07,3.05187e-05,4.134e-05,2e-08,"(336,3)","(0,0)",1.0,1706.0
0.07,3.26599e-08,2.98375e-05,2.04e-05,2e-08,"(337,3)","(0,0)",1.0,465.0
0.07,3.26599e-08,2.80708e-05,1.006e-05,2e-08,"(338,3)","(0,0)",1.0,300.0
0.07,3.26599e-08,3.08074e-05,2.716e-05,2e-08,"(339,3)","(0,0)",1.0,526.0
0.07,3.26599e-08,2.69623e-05,7.58e-06,2e-08,"(340,3)","(0,0)",1.0,369.0
0.07,1.66565e-06,1.72974e-05,1.704e-05,2e-08,"(341,3)","(0,0)",1.0,672.0
0.07,3.26599e-08,1.86831e-05,3.596e-05,2e-08,"(342,3)","(0,0)",1.0,3646.0
0.07,6.20537e-07,1.39372e-05,3.93e-05,2e-08,"(343,3)","(0,0)",1.0,285.0
0.07,1.73097e-06,2.74472e-05,3.386e-05,2e-08,"(344,3)","(0,0)",1.0,328.0
0.07,3.26599e-08,3.06688e-05,3.7e-05,2e-08,"(345,3)","(0,0)",1.0,1849.0
0.07,7.83837e-07,4.36477e-06,2.324e-05,2e-08,"(346,3)","(0,0)",1.0,423.0
0.07,3.26599e-08,3.50336e-05,1.496e-05,2e-08,"(347,3)","(0,0)",1.0,664.0
0.07,3.26599e-08,9.53783e-06,3.668e-05,2e-08,"(348,3)","(0,0)",1.0,2861.0
0.07,1.46969e-06,1.08195e-05,2.946e-05,2e-08,"(349,3)","(0,0)",1.0,588.0
0.07,1.01246e-06,1.63967e-05,1.144e-05,2e-08,"(350,3)","(0,0)",1.0,1150.0
0.07,3.26599e-08,1.80249e-05,3.742e-05,2e-08,"(351,3)","(0,0)",1.0,444.0
0.07,3.26599e-08,4.24122e-05,3.354e-05,2e-08,"(352,3)","(0,0)",1.0,383.0
0.07,1.95959e-06,2.33134e-05,2.09e-05,2e-08,"(353,3)","(0,0)",1.0,26126.0
0.07,6.53197e-08,2.63272e-06,2.316e-05,2e-08,"(354,3)","(0,0)",1.0,65349.0
0.07,3.26599e-08,1.8302e-05,1.266e-05,2e-08,"(355,3)","(0,0)",1.0,322.0
0.07,3.26599e-08,2.1489e-05,4.11e-05,2e-08,"(356,3)","(0,0)",1.0,295.0
0.07,3.26599e-08,1.05424e-05,2.07e-05,2e-08,"(357,3)","(0,0)",1.0,416.0
0.07,3.26599e-08,2.03112e-05,3.55e-05,2e-08,"(358,3)","(0,0)",1.0,221.0
0.07,3.26599e-08,2.25628e-05,3.86e-05,2e-08,"(359,3)","(0,0)",1.0,313.0
0.07,1.50235e-06,9.97661e-06,2.648e-05,2e-08,"(360,3)","(0,0)",1.0,361.0
0.07,3.26599e-08,2.42256e-05,3.14e-05,2e-08,"(361,3)","(0,0)",1.0,545.0
0.07,3.26599e-08,2.22857e-05,2.176e-05,2e-08,"(362,3)","(0,0)",1.0,551.0
0.07,1.20841e-06,4.14768e-05,3.064e-05,2e-08,"(363,3)","(0,0)",1.0,333.0
0.07,3.26599e-08,7.39008e-06,2.64e-05,2e-08,"(364,3)","(0,0)",1.0,1784.0
0.07,3.26599e-08,4.72273e-06,2.63e-05,2e-08,"(365,3)","(0,0)",1.0,289.0
0.07,1.95959e-06,2.78167e-05,2.138e-05,2e-08,"(366,3)","(0,0)",1.0,334.0
0.07,1.1431e-06,1.2517e-05,3.564e-05,2e-08,"(367,3)","(0,0)",1.0,256.0
0.07,1.07778e-06,1.31059e-05,3.67e-05,2e-08,"(368,3)","(0,0)",1.0,54241.0
0.07,3.26599e-08,2.26321e-05,8.32e-06,2e-08,"(369,3)","(0,0)",1.0,16715.0
0.07,1.92693e-06,2.12811e-05,2.962e-05,2e-08,"(370,3)","(0,0)",1.0,510.0
0.07,1.69831e-06,2.69507e-05,3.448e-05,2e-08,"(371,3)","(0,0)",1.0,742.0
0.07,1.60033e-06,1.46993e-05,3.198e-05,2e-08,"(372,3)","(0,0)",1.0,442.0
0.07,1.40437e-06,2.20432e-05,1.27e-05,2e-08,"(373,3)","(0,0)",1.0,1521.0
0.07,3.26599e-08,2.90061e-05,2.932e-05,2e-08,"(374,3)","(0,0)",1.0,323.0
0.07,1.27373e-06,2.22511e-05,1.162e-05,2e-08,"(375,3)","(0,0)",1.0,3946.0
0.07,3.26599e-08,7.49401e-06,2.198e-05,2e-08,"(376,3)","(0,0)",1.0,537.0
0.07,5.22558e-07,1.31289e-05,3.918e-05,2e-08,"(377,3)","(0,0)",1.0,1061.0
0.07,1.73097e-06,3.03224e-05,3.296e-05,2e-08,"(378,3)","(0,0)",1.0,231.0
0.07,3.26599e-08,3.60036e-05,1.592e-05,2e-08,"(379,3)","(0,0)",1.0,302.0
0.07,1.46969e-06,1.61543e-05,1.522e-05,2e-08,"(380,3)","(0,0)",1.0,355.0
0.07,1.79629e-06,2.91446e-05,1.756e-05,2e-08,"(381,3)","(0,0)",1.0,378.0
0.07,8.49156e-07,4.09803e-05,1.514e-05,2e-08,"(382,3)","(0,0)",1.0,541.0
0.07,3.26599e-08,1.19973e-05,2.758e-05,2e-08,"(383,3)","(0,0)",1.0,270.0
0.07,1.66565e-06,1.41451e-05,2.982e-05,2e-08,"(384,3)","(0,0)",1.0,339.0
0.07,1.89427e-06,1.72512e-05,2.708e-05,2e-08,"(385,3)","(0,0)",1.0,519.0
0.07,3.26599e-08,2.11772e-05,2.676e-05,2e-08,"(386,3)","(0,0)",1.0,665.0
0.07,8.81816e-07,2.71701e-05,9.38e-06,2e-08,"(387,3)","(0,0)",1.0,891.0
0.07,4.24578e-07,4.42481e-05,1.66e-05,2e-08,"(388,3)","(0,0)",1.0,2837.0
0.07,1.76363e-06,1.43067e-05,2.33e-05,2e-08,"(389,3)","(0,0)",1.0,273.0
0.07,3.26599e-08,4.16847e-05,2.528e-05,2e-08,"(390,3)","(0,0)",1.0,490.0
0.07,3.26599e-08,8.39467e-06,1.318e-05,2e-08,"(391,3)","(0,0)",1.0,4855447.0
0.07,3.26599e-08,3.72506e-05,3.572e-05,2e-08,"(392,3)","(0,0)",1.0,375.0
0.07,3.26599e-08,4.25854e-05,2.572e-05,2e-08,"(393,3)","(0,0)",1.0,320.0
0.07,7.18517e-07,4.47562e-05,1.936e-05,2e-08,"(394,3)","(0,0)",1.0,229.0
0.07,3.26599e-08,5.10378e-06,2.456e-05,2e-08,"(395,3)","(0,0)",1.0,1891.0
0.07,3.26599e-08,3.08421e-05,3.354e-05,2e-08,"(396,3)","(0,0)",1.0,231.0
0.07,1.50235e-06,1.42375e-05,1.702e-05,2e-08,"(397,3)","(0,0)",1.0,608.0
0.07,3.26599e-08,1.90641e-05,1.658e-05,2e-08,"(398,3)","(0,0)",1.0,467.0
0.07,1.92693e-06,2.15929e-05,2.02e-05,2e-08,"(399,3)","(0,0)",1.0,794.0
0.07,4.89898e-07,2.16622e-05,8.16e-06,2e-08,"(400,3)","(0,0)",1.0,339.0
0.07,7.18517e-07,3.88326e-05,3.738e-05,2e-08,"(401,3)","(0,0)",1.0,2801.0
0.07,1.24107e-06,4.06686e-05,1.86e-05,2e-08,"(402,3)","(0,0)",1.0,7370.0
0.07,1.79629e-06,2.66505e-05,1.684e-05,2e-08,"(403,3)","(0,0)",1.0,284.0
0.07,1.24107e-06,1.8048e-05,3.762e-05,2e-08,"(404,3)","(0,0)",1.0,223.0
0.07,6.85857e-07,1.26555e-05,3.836e-05,2e-08,"(405,3)","(0,0)",1.0,245.0
0.07,8.49156e-07,4.51026e-05,2.808e-05,2e-08,"(406,3)","(0,0)",1.0,5909.0
0.07,3.26599e-08,2.05537e-05,2.94e-05,2e-08,"(407,3)","(0,0)",1.0,534.0
0.07,3.26599e-08,2.0138e-05,2.532e-05,2e-08,"(408,3)","(0,0)",1.0,432.0
0.07,1.30639e-07,3.99411e-05,1.194e-05,2e-08,"(409,3)","(0,0)",1.0,542.0
0.07,1.79629e-06,2.75512e-05,3.244e-05,2e-08,"(410,3)","(0,0)",1.0,218.0
0.07,1.86161e-06,3.13963e-05,2.042e-05,2e-08,"(411,3)","(0,0)",1.0,8055.0
0.07,1.01246e-06,2.98028e-05,3.974e-05,2e-08,"(412,3)","(0,0)",1.0,394.0
0.07,4.24578e-07,3.13617e-05,4.14e-05,2e-08,"(413,3)","(0,0)",1.0,245.0
0.07,1.63299e-06,1.45146e-05,3.13e-05,2e-08,"(414,3)","(0,0)",1.0,235.0
0.07,3.26599e-08,1.7436e-05,1.424e-05,2e-08,"(415,3)","(0,0)",1.0,1001.0
0.07,1.99225e-06,2.85904e-05,2.488e-05,2e-08,"(416,3)","(0,0)",1.0,1745.0
0.07,1.40437e-06,2.61655e-05,1.252e-05,2e-08,"(417,3)","(0,0)",1.0,254.0
0.07,2.61279e-07,2.9237e-05,7.92e-06,2e-08,"(418,3)","(0,0)",1.0,1559.0
0.07,1.40437e-06,3.90866e-05,3.102e-05,2e-08,"(419,3)","(0,0)",1.0,1782.0
0.07,3.26599e-08,1.42144e-05,1.278e-05,2e-08,"(420,3)","(0,0)",1.0,292.0
0.07,3.26599e-08,4.46985e-05,2.122e-05,2e-08,"(421,3)","(0,0)",1.0,257.0
0.07,2.28619e-07,4.67769e-05,2.09e-05,2e-08,"(422,3)","(0,0)",1.0,21931.0
0.07,3.26599e-08,3.54839e-05,2.306e-05,2e-08,"(423,3)","(0,0)",1.0,4076.0
0.07,8.81816e-07,5.55411e-06,2.958e-05,2e-08,"(424,3)","(0,0)",1.0,271.0
0.07,3.26599e-08,3.84977e-05,3.728e-05,2e-08,"(425,3)","(0,0)",1.0,1292.0
0.07,1.69831e-06,3.03802e-05,3.33e-05,2e-08,"(426,3)","(0,0)",1.0,393.0
0.07,1.17576e-06,1.14315e-05,1.548e-05,2e-08,"(427,3)","(0,0)",1.0,449.0
0.07,1.86161e-06,3.00799e-05,1.934e-05,2e-08,"(428,3)","(0,0)",1.0,431.0
0.07,3.26599e-08,2.74819e-05,1.132e-05,2e-08,"(429,3)","(0,0)",1.0,1414.0
0.07,1.86161e-06,3.34748e-05,2.642e-05,2e-08,"(430,3)","(0,0)",1.0,16831.0
0.07,1.07778e-06,3.95369e-05,1.54e-05,2e-08,"(431,3)","(0,0)",1.0,274.0
0.07,3.26599e-08,1.84406e-05,2.566e-05,2e-08,"(432,3)","(0,0)",1.0,523.0
0.07,1.46969e-06,1.16509e-05,3.09e-05,2e-08,"(433,3)","(0,0)",1.0,3179.0
0.07,3.26599e-08,1.68817e-05,3.004e-05,2e-08,"(434,3)","(0,0)",1.0,1376.0
0.07,3.26599e-08,4.17193e-05,2.574e-05,2e-08,"(435,3)","(0,0)",1.0,35172.0
0.07,1.40437e-06,3.23663e-05,3.618e-05,2e-08,"(436,3)","(0,0)",1.0,432.0
0.07,3.26599e-08,6.31621e-06,3.194e-05,2e-08,"(437,3)","(0,0)",1.0,282.0
0.07,3.26599e-08,3.1327e-05,2.27e-05,2e-08,"(438,3)","(0,0)",1.0,234.0
0.07,6.85857e-07,4.82665e-06,2.992e-05,2e-08,"(439,3)","(0,0)",1.0,312.0
0.07,1.63299e-07,1.74706e-05,4.146e-05,2e-08,"(440,3)","(0,0)",1.0,5145.0
0.07,1.43703e-06,3.51606e-05,3.43e-05,2e-08,"(441,3)","(0,0)",1.0,544.0
0.07,1.63299e-06,3.79319e-05,2.314e-05,2e-08,"(442,3)","(0,0)",1.0,225.0
0.07,1.37171e-06,3.97679e-05,1.928e-05,2e-08,"(443,3)","(0,0)",1.0,332.0
0.07,3.26599e-08,3.34055e-05,1.334e-05,2e-08,"(444,3)","(0,0)",1.0,892.0
0.07,1.92693e-06,1.8787e-05,2.214e-05,2e-08,"(445,3)","(0,0)",1.0,864.0
0.07,1.01246e-06,1.46993e-05,1.218e-05,2e-08,"(446,3)","(0,0)",1.0,465.0
0.07,3.26599e-08,8.56788e-06,2.444e-05,2e-08,"(447,3)","(0,0)",1.0,666.0
0.07,3.26599e-08,3.78049e-05,3.644e-05,2e-08,"(448,3)","(0,0)",1.0,2599.0
0.07,3.26599e-08,2.84172e-05,3.122e-05,2e-08,"(449,3)","(0,0)",1.0,308.0
0.07,1.79629e-06,1.48379e-05,2.29e-05,2e-08,"(450,3)","(0,0)",1.0,1316.0
0.07,1.30639e-07,3.39482e-06,2.02e-05,2e-08,"(451,3)","(0,0)",1.0,3184.0
0.07,3.26599e-08,3.12577e-05,2.698e-05,2e-08,"(452,3)","(0,0)",1.0,7109.0
0.07,3.26599e-08,2.91446e-05,4.124e-05,2e-08,"(453,3)","(0,0)",1.0,986.0
0.07,3.26599e-08,2.21472e-05,3.288e-05,2e-08,"(454,3)","(0,0)",1.0,331.0
0.07,3.26599e-08,2.59923e-05,1.95e-05,2e-08,"(455,3)","(0,0)",1.0,737.0
0.07,1.30639e-06,8.24456e-06,2.748e-05,2e-08,"(456,3)","(0,0)",1.0,681.0
0.07,1.95959e-06,2.78167e-05,2.09e-05,2e-08,"(457,3)","(0,0)",1.0,1772.0
0.07,3.26599e-08,3.96062e-05,1.596e-05,2e-08,"(458,3)","(0,0)",1.0,1821123.0
0.07,1.82895e-06,1.71819e-05,2.952e-05,2e-08,"(459,3)","(0,0)",1.0,1365.0
0.07,1.01246e-06,1.48379e-05,3.802e-05,2e-08,"(460,3)","(0,0)",1.0,704.0
0.07,3.26599e-08,3.57957e-05,2.552e-05,2e-08,"(461,3)","(0,0)",1.0,2370.0
0.07,3.26599e-08,1.33483e-05,1.192e-05,2e-08,"(462,3)","(0,0)",1.0,5869.0
0.07,9.47136e-07,5.45019e-06,2.168e-05,2e-08,"(463,3)","(0,0)",1.0,1036.0
0.07,3.26599e-08,3.83938e-05,3.534e-05,2e-08,"(464,3)","(0,0)",1.0,428.0
0.07,3.26599e-08,4.11997e-05,2.004e-05,2e-08,"(465,3)","(0,0)",1.0,1782.0
0.07,8.49156e-07,2.57383e-05,4.09e-05,2e-08,"(466,3)","(0,0)",1.0,462.0
0.07,3.26599e-08,1.14084e-05,1.248e-05,2e-08,"(467,3)","(0,0)",1.0,311.0
0.07,1.95959e-06,2.93756e-05,2.252e-05,2e-08,"(468,3)","(0,0)",1.0,1226.0
0.07,1.53501e-06,3.9433e-05,2.242e-05,2e-08,"(469,3)","(0,0)",1.0,517.0
0.07,1.89427e-06,2.20663e-05,3.078e-05,2e-08,"(470,3)","(0,0)",1.0,1940.0
0.07,3.26599e-08,2.24589e-05,1.658e-05,2e-08,"(471,3)","(0,0)",1.0,503.0
0.07,3.26599e-08,8.04826e-06,2.066e-05,2e-08,"(472,3)","(0,0)",1.0,227.0
0.07,1.1431e-06,4.26893e-05,2.082e-05,2e-08,"(473,3)","(0,0)",1.0,598.0
0.07,1.73097e-06,2.27707e-05,3.376e-05,2e-08,"(474,3)","(0,0)",1.0,339.0
0.07,3.26599e-08,3.50683e-05,2.046e-05,2e-08,"(475,3)","(0,0)",1.0,375.0
0.07,3.26599e-08,1.2517e-05,1.996e-05,2e-08,"(476,3)","(0,0)",1.0,1432.0
0.07,3.26599e-08,1.97916e-05,2.528e-05,2e-08,"(477,3)","(0,0)",1.0,698.0
0.07,1.66565e-06,2.35328e-05,1.508e-05,2e-08,"(478,3)","(0,0)",1.0,252.0
0.07,1.50235e-06,1.94336e-05,1.394e-05,2e-08,"(479,3)","(0,0)",1.0,1133.0
0.07,1.07778e-06,4.16154e-05,1.776e-05,2e-08,"(480,3)","(0,0)",1.0,1458.0
0.07,6.85857e-07,4.48024e-06,2.064e-05,2e-08,"(481,3)","(0,0)",1.0,727.0
0.07,3.26599e-08,2.76897e-05,1.676e-05,2e-08,"(482,3)","(0,0)",1.0,503.0
0.07,3.26599e-08,3.77356e-05,3.228e-05,2e-08,"(483,3)","(0,0)",1.0,276.0
0.07,3.26599e-08,2.59577e-05,4.108e-05,2e-08,"(484,3)","(0,0)",1.0,390.0
0.07,3.26599e-08,4.16847e-05,2.804e-05,2e-08,"(485,3)","(0,0)",1.0,245.0
0.07,3.26599e-08,2.91793e-05,2.814e-05,2e-08,"(486,3)","(0,0)",1.0,348.0
0.07,1.82895e-06,1.6593e-05,2.818e-05,2e-08,"(487,3)","(0,0)",1.0,1976.0
0.07,1.53501e-06,1.09581e-05,2.798e-05,2e-08,"(488,3)","(0,0)",1.0,1261.0
0.07,3.26599e-08,1.90295e-05,1.392e-05,2e-08,"(489,3)","(0,0)",1.0,701.0
0.07,1.92693e-06,2.58191e-05,2.996e-05,2e-08,"(490,3)","(0,0)",1.0,2462.0
0.07,8.16497e-07,4.08533e-05,1.484e-05,2e-08,"(491,3)","(0,0)",1.0,588.0
0.07,3.26599e-08,1.43876e-05,3.464e-05,2e-08,"(492,3)","(0,0)",1.0,1469.0
0.07,1.40437e-06,1.30712e-05,1.66e-05,2e-08,"(493,3)","(0,0)",1.0,5224.0
0.07,1.95959e-06,2.34866e-05,2.948e-05,2e-08,"(494,3)","(0,0)",1.0,262.0
0.07,3.26599e-08,1.90295e-05,2.32e-05,2e-08,"(495,3)","(0,0)",1.0,237.0
0.07,5.22558e-07,3.18697e-06,2.5e-05,2e-08,"(496,3)","(0,0)",1.0,594.0
0.07,3.26599e-08,3.70428e-05,2.968e-05,2e-08,"(497,3)","(0,0)",1.0,896.0
0.07,3.26599e-08,2.79668e-05,3.252e-05,2e-08,"(498,3)","(0,0)",1.0,29011.0
0.07,6.85857e-07,8.22147e-06,1.5e-05,2e-08,"(499,3)","(0,0)",1.0,775.0
0.07,8.49156e-07,4.06686e-05,3.524e-05,2e-08,"(500,3)","(0,0)",1.0,379.0
0.07,3.26599e-08,2.7759e-05,2.6e-05,2e-08,"(501,3)","(0,0)",1.0,331.0
0.07,9.47136e-07,4.37978e-05,2.002e-05,2e-08,"(502,3)","(0,0)",1.0,346.0
0.07,1.01246e-06,3.30244e-05,1.12e-05,2e-08,"(503,3)","(0,0)",1.0,454.0
0.07,7.83837e-07,6.30466e-06,1.808e-05,2e-08,"(504,3)","(0,0)",1.0,341.0
0.07,1.1431e-06,4.36246e-05,2.56e-05,2e-08,"(505,3)","(0,0)",1.0,69933.0
0.07,3.26599e-08,3.31284e-05,3.178e-05,2e-08,"(506,3)","(0,0)",1.0,229.0
0.07,3.26599e-08,2.74126e-05,1.4e-05,2e-08,"(507,3)","(0,0)",1.0,219.0
0.07,1.40437e-06,8.87965e-06,2.458e-05,2e-08,"(508,3)","(0,0)",1.0,433.0
0.07,9.79796e-07,1.26093e-05,3.684e-05,2e-08,"(509,3)","(0,0)",1.0,876.0
0.07,1.07778e-06,3.98141e-05,1.552e-05,2e-08,"(510,3)","(0,0)",1.0,4649.0
0.07,3.26599e-08,1.78863e-05,2.934e-05,2e-08,"(511,3)","(0,0)",1.0,190706.0
0.07,3.26599e-08,2.87982e-05,8.8e-06,2e-08,"(512,3)","(0,0)",1.0,233.0
0.07,7.18517e-07,2.47337e-05,4.136e-05,2e-08,"(513,3)","(0,0)",1.0,244.0
0.07,1.27373e-06,1.49418e-05,3.616e-05,2e-08,"(514,3)","(0,0)",1.0,264.0
0.07,3.26599e-08,3.03917e-05,3.884e-05,2e-08,"(515,3)","(0,0)",1.0,18128.0
0.07,1.04512e-06,8.03672e-06,3.232e-05,2e-08,"(516,3)","(0,0)",1.0,311.0
0.07,3.26599e-08,1.82674e-05,1.084e-05,2e-08,"(517,3)","(0,0)",1.0,492.0
0.07,3.26599e-08,1.35908e-05,3.118e-05,2e-08,"(518,3)","(0,0)",1.0,1849.0
0.07,3.26599e-08,2.94564e-05,1.874e-05,2e-08,"(519,3)","(0,0)",1.0,4617.0
0.07,3.26599e-08,8.04826e-06,1.518e-05,2e-08,"(520,3)","(0,0)",1.0,380.0
0.07,3.26599e-08,2.66505e-05,1.508e-05,2e-08,"(521,3)","(0,0)",1.0,1448.0
0.07,5.22558e-07,2.9722e-05,8.44e-06,2e-08,"(522,3)","(0,0)",1.0,272.0
0.07,3.26599e-08,3.64539e-05,2.806e-05,2e-08,"(523,3)","(0,0)",1.0,499.0
0.07,6.20537e-07,7.21688e-06,3.434e-05,2e-08,"(524,3)","(0,0)",1.0,241.0
0.07,3.26599e-08,3.1812e-05,1.514e-05,2e-08,"(525,3)","(0,0)",1.0,10832.0
0.07,3.26599e-08,4.62227e-05,2.914e-05,2e-08,"(526,3)","(0,0)",1.0,8472.0
0.07,1.56767e-06,3.86594e-05,2.86e-05,2e-08,"(527,3)","(0,0)",1.0,2720.0
0.07,3.26599e-08,1.56693e-05,1.562e-05,2e-08,"(528,3)","(0,0)",1.0,2565.0
0.07,1.30639e-06,1.67316e-05,1.338e-05,2e-08,"(529,3)","(0,0)",1.0,807.0
0.07,3.26599e-08,3.13963e-05,3.642e-05,2e-08,"(530,3)","(0,0)",1.0,579.0
0.07,9.79796e-07,4.45483e-05,2.252e-05,2e-08,"(531,3)","(0,0)",1.0,561.0
0.07,1.33905e-06,8.22147e-06,2.604e-05,2e-08,"(532,3)","(0,0)",1.0,7227.0
0.07,1.89427e-06,2.42487e-05,3.112e-05,2e-08,"(533,3)","(0,0)",1.0,454.0
0.07,1.56767e-06,3.426e-05,3.314e-05,2e-08,"(534,3)","(0,0)",1.0,543.0
0.07,1.04512e-06,2.22049e-05,1.018e-05,2e-08,"(535,3)","(0,0)",1.0,2341.0
0.07,3.26599e-08,3.05649e-05,1.166e-05,2e-08,"(536,3)","(0,0)",1.0,341.0
0.07,3.26599e-08,4.15115e-05,3.434e-05,2e-08,"(537,3)","(0,0)",1.0,407.0
0.07,1.37171e-06,2.41101e-05,3.792e-05,2e-08,"(538,3)","(0,0)",1.0,223.0
0.07,6.53197e-07,1.02537e-05,3.696e-05,2e-08,"(539,3)","(0,0)",1.0,227.0
0.07,1.30639e-06,2.7505e-05,1.188e-05,2e-08,"(540,3)","(0,0)",1.0,304.0
0.07,3.26599e-08,3.48951e-05,2.744e-05,2e-08,"(541,3)","(0,0)",1.0,6664.0
0.07,1.63299e-06,3.47796e-05,3.188e-05,2e-08,"(542,3)","(0,0)",1.0,12057.0
0.07,1.50235e-06,3.99757e-05,2.628e-05,2e-08,"(543,3)","(0,0)",1.0,310.0
0.07,1.37171e-06,4.13614e-05,2.228e-05,2e-08,"(544,3)","(0,0)",1.0,1837.0
0.07,8.49156e-07,6.23538e-06,1.856e-05,2e-08,"(545,3)","(0,0)",1.0,1410.0
0.07,3.26599e-08,4.01605e-05,2.824e-05,2e-08,"(546,3)","(0,0)",1.0,488.0
0.07,7.18517e-07,4.22274e-05,1.562e-05,2e-08,"(547,3)","(0,0)",1.0,430.0
0.07,3.26599e-08,4.36592e-05,2.242e-05,2e-08,"(548,3)","(0,0)",1.0,1946.0
0.07,1.92693e-06,2.09347e-05,2.898e-05,2e-08,"(549,3)","(0,0)",1.0,1903.0
0.07,1.89427e-06,2.55997e-05,3.082e-05,2e-08,"(550,3)","(0,0)",1.0,461.0
0.07,3.26599e-08,1.80942e-05,3.426e-05,2e-08,"(551,3)","(0,0)",1.0,954.0
0.07,1.76363e-06,3.54031e-05,2.232e-05,2e-08,"(552,3)","(0,0)",1.0,252.0
0.07,3.26599e-08,2.37753e-05,2.69e-05,2e-08,"(553,3)","(0,0)",1.0,313.0
0.07,3.26599e-08,1.03346e-05,1.19e-05,2e-08,"(554,3)","(0,0)",1.0,631.0
0.07,3.26599e-08,2.90407e-05,9.58e-06,2e-08,"(555,3)","(0,0)",1.0,252.0
0.07,1.92693e-06,2.98721e-05,2.158e-05,2e-08,"(556,3)","(0,0)",1.0,2292.0
0.07,3.26599e-08,1.44915e-05,3.57e-05,2e-08,"(557,3)","(0,0)",1.0,500.0
0.07,3.26599e-08,1.54614e-05,3.854e-05,2e-08,"(558,3)","(0,0)",1.0,533.0
0.07,1.66565e-06,1.6951e-05,1.76e-05,2e-08,"(559,3)","(0,0)",1.0,1572.0
0.07,1.43703e-06,3.36364e-05,3.542e-05,2e-08,"(560,3)","(0,0)",1.0,1186.0
0.07,1.69831e-06,1.37871e-05,2.112e-05,2e-08,"(561,3)","(0,0)",1.0,719.0
0.07,3.26599e-08,3.65578e-05,3.54e-05,2e-08,"(562,3)","(0,0)",1.0,530.0
0.07,1.01246e-06,1.80942e-05,1.086e-05,2e-08,"(563,3)","(0,0)",1.0,641.0
0.07,1.01246e-06,1.90987e-05,3.94e-05,2e-08,"(564,3)","(0,0)",1.0,290.0
0.07,3.26599e-08,9.53783e-06,2.108e-05,2e-08,"(565,3)","(0,0)",1.0,407.0
0.07,3.26599e-08,3.33708e-05,3.696e-05,2e-08,"(566,3)","(0,0)",1.0,2668.0
0.07,3.26599e-08,1.04385e-05,1.524e-05,2e-08,"(567,3)","(0,0)",1.0,1921.0
0.07,8.16497e-07,3.54839e-05,3.874e-05,2e-08,"(568,3)","(0,0)",1.0,4395.0
0.07,6.85857e-07,3.16734e-05,4.062e-05,2e-08,"(569,3)","(0,0)",1.0,1028.0
0.07,3.26599e-08,8.01362e-06,2.868e-05,2e-08,"(570,3)","(0,0)",1.0,698.0
0.07,3.26599e-08,3.33708e-06,2.338e-05,2e-08,"(571,3)","(0,0)",1.0,273.0
0.07,3.26599e-08,3.93984e-05,3.436e-05,2e-08,"(572,3)","(0,0)",1.0,725.0
0.07,3.26599e-08,2.81401e-05,2.334e-05,2e-08,"(573,3)","(0,0)",1.0,547.0
0.07,1.56767e-06,1.24708e-05,2.992e-05,2e-08,"(574,3)","(0,0)",1.0,295.0
0.07,3.26599e-08,2.11426e-05,4.07e-05,2e-08,"(575,3)","(0,0)",1.0,241.0
0.07,1.30639e-06,1.87408e-05,1.262e-05,2e-08,"(576,3)","(0,0)",1.0,6198.0
0.07,3.26599e-08,9.12213e-06,1.82e-05,2e-08,"(577,3)","(0,0)",1.0,1047.0
0.07,1.30639e-06,4.00797e-05,1.87e-05,2e-08,"(578,3)","(0,0)",1.0,534.0
0.07,1.46969e-06,1.05078e-05,2.956e-05,2e-08,"(579,3)","(0,0)",1.0,811.0
0.07,3.26599e-08,1.20666e-05,1.842e-05,2e-08,"(580,3)","(0,0)",1.0,752.0
0.07,6.85857e-07,9.46854e-06,1.38e-05,2e-08,"(581,3)","(0,0)",1.0,310.0
0.07,1.86161e-06,1.97916e-05,1.984e-05,2e-08,"(582,3)","(0,0)",1.0,1090.0
0.07,9.79796e-07,4.22967e-05,1.746e-05,2e-08,"(583,3)","(0,0)",1.0,224.0
0.07,7.83837e-07,3.37403e-05,1.036e-05,2e-08,"(584,3)","(0,0)",1.0,310.0
0.07,1.89427e-06,2.09925e-05,2.016e-05,2e-08,"(585,3)","(0,0)",1.0,729.0
0.07,1.04512e-06,4.10496e-05,1.678e-05,2e-08,"(586,3)","(0,0)",1.0,300.0
0.07,3.26599e-08,3.38212e-05,3.35e-05,2e-08,"(587,3)","(0,0)",1.0,2001.0
0.07,1.79629e-06,2.16968e-05,1.718e-05,2e-08,"(588,3)","(0,0)",1.0,366.0
0.07,9.14476e-07,2.95141e-05,4.02e-05,2e-08,"(589,3)","(0,0)",1.0,430.0
0.07,3.26599e-08,3.79088e-05,2.77e-05,2e-08,"(590,3)","(0,0)",1.0,224.0
0.07,1.92693e-06,2.31864e-05,3.024e-05,2e-08,"(591,3)","(0,0)",1.0,476.0
0.07,3.26599e-08,1.51497e-05,2.42e-05,2e-08,"(592,3)","(0,0)",1.0,7444.0
0.07,3.26599e-08,4.05762e-05,2.176e-05,2e-08,"(593,3)","(0,0)",1.0,736.0
0.07,3.26599e-08,3.32669e-05,3.806e-05,2e-08,"(594,3)","(0,0)",1.0,266.0
0.07,7.51177e-07,4.54952e-06,2.82e-05,2e-08,"(595,3)","(0,0)",1.0,723.0
0.07,1.40437e-06,3.99873e-05,2.95e-05,2e-08,"(596,3)","(0,0)",1.0,222.0
0.07,3.26599e-08,1.89948e-05,2.614e-05,2e-08,"(597,3)","(0,0)",1.0,258.0
0.07,3.26599e-08,1.27248e-05,3.936e-05,2e-08,"(598,3)","(0,0)",1.0,579.0
0.07,1.01246e-06,3.51722e-05,3.788e-05,2e-08,"(599,3)","(0,0)",1.0,656.0
0.07,9.79796e-07,2.4803e-05,4.032e-05,2e-08,"(600,3)","(0,0)",1.0,272.0
0.07,1.56767e-06,3.66848e-05,1.87e-05,2e-08,"(601,3)","(0,0)",1.0,2244.0
0.07,1.69831e-06,2.49762e-05,3.47e-05,2e-08,"(602,3)","(0,0)",1.0,2199.0
0.07,3.26599e-08,3.88788e-05,3.606e-05,2e-08,"(603,3)","(0,0)",1.0,557.0
0.07,1.50235e-06,2.56344e-05,1.336e-05,2e-08,"(604,3)","(0,0)",1.0,781.0
0.07,3.26599e-08,1.75399e-05,3.098e-05,2e-08,"(605,3)","(0,0)",1.0,452.0
0.07,3.26599e-08,4.99985e-06,3.214e-05,2e-08,"(606,3)","(0,0)",1.0,984.0
0.07,3.26599e-08,2.62694e-05,1.698e-05,2e-08,"(607,3)","(0,0)",1.0,1558.0
0.07,3.26599e-08,8.63716e-06,1.896e-05,2e-08,"(608,3)","(0,0)",1.0,772.0
0.07,3.26599e-08,2.77244e-05,2.986e-05,2e-08,"(609,3)","(0,0)",1.0,1428.0
0.07,8.16497e-07,2.36021e-05,8.96e-06,2e-08,"(610,3)","(0,0)",1.0,270.0
0.07,3.26599e-08,2.74472e-05,9.42e-06,2e-08,"(611,3)","(0,0)",1.0,395.0
0.07,9.79796e-07,3.84169e-05,1.386e-05,2e-08,"(612,3)","(0,0)",1.0,463.0
0.07,3.26599e-08,2.1489e-05,2.31e-05,2e-08,"(613,3)","(0,0)",1.0,272.0
0.07,4.89898e-07,1.81981e-05,8.8e-06,2e-08,"(614,3)","(0,0)",1.0,615.0
0.07,1.56767e-06,3.80705e-05,2.894e-05,2e-08,"(615,3)","(0,0)",1.0,2409.0
0.07,3.26599e-08,1.12352e-05,1.118e-05,2e-08,"(616,3)","(0,0)",1.0,6754.0
0.07,3.26599e-08,4.18925e-05,3.108e-05,2e-08,"(617,3)","(0,0)",1.0,434.0
0.07,9.79796e-07,5.92361e-06,2.138e-05,2e-08,"(618,3)","(0,0)",1.0,485.0
0.07,1.89427e-06,2.40062e-05,1.89e-05,2e-08,"(619,3)","(0,0)",1.0,235.0
0.07,3.26599e-08,7.00903e-06,2.266e-05,2e-08,"(620,3)","(0,0)",1.0,1185.0
0.07,3.26599e-08,4.0403e-05,2.626e-05,2e-08,"(621,3)","(0,0)",1.0,227.0
0.07,1.1431e-06,6.66262e-06,2.298e-05,2e-08,"(622,3)","(0,0)",1.0,1835.0
0.07,1.27373e-06,2.57845e-05,3.866e-05,2e-08,"(623,3)","(0,0)",1.0,429.0
0.07,1.20841e-06,4.08879e-05,3.15e-05,2e-08,"(624,3)","(0,0)",1.0,954.0
0.07,3.26599e-08,4.16847e-06,2.806e-05,2e-08,"(625,3)","(0,0)",1.0,564.0
0.07,1.79629e-06,1.74013e-05,1.994e-05,2e-08,"(626,3)","(0,0)",1.0,7527.0
0.07,1.95959e-06,2.26552e-05,2.916e-05,2e-08,"(627,3)","(0,0)",1.0,362.0
0.07,3.26599e-08,1.18241e-05,2.312e-05,2e-08,"(628,3)","(0,0)",1.0,352.0
0.07,1.63299e-06,1.74591e-05,1.644e-05,2e-08,"(629,3)","(0,0)",1.0,2470.0
0.07,3.26599e-08,3.76663e-05,1.604e-05,2e-08,"(630,3)","(0,0)",1.0,270.0
0.07,1.95959e-06,2.36598e-05,2.134e-05,2e-08,"(631,3)","(0,0)",1.0,273.0
0.07,3.26599e-08,4.16847e-05,1.856e-05,2e-08,"(632,3)","(0,0)",1.0,3870.0
0.07,1.20841e-06,4.17193e-05,3.03e-05,2e-08,"(633,3)","(0,0)",1.0,8407.0
0.07,3.26599e-08,1.92373e-05,2.244e-05,2e-08,"(634,3)","(0,0)",1.0,280.0
0.07,3.26599e-08,1.48379e-05,2.354e-05,2e-08,"(635,3)","(0,0)",1.0,578.0
0.07,2.02491e-06,2.49069e-05,2.654e-05,2e-08,"(636,3)","(0,0)",1.0,231.0
0.07,3.26599e-08,1.35215e-05,2.498e-05,2e-08,"(637,3)","(0,0)",1.0,5162.0
0.07,3.26599e-08,4.40749e-05,2.81e-05,2e-08,"(638,3)","(0,0)",1.0,1122.0
0.07,3.26599e-08,3.13617e-05,3.588e-05,2e-08,"(639,3)","(0,0)",1.0,8605.0
0.07,3.26599e-08,1.87523e-05,3.676e-05,2e-08,"(640,3)","(0,0)",1.0,268.0
0.07,3.26599e-08,4.01258e-05,1.662e-05,2e-08,"(641,3)","(0,0)",1.0,1245.0
0.07,3.26599e-08,4.3001e-05,1.78e-05,2e-08,"(642,3)","(0,0)",1.0,3257.0
0.07,1.95959e-06,2.05421e-05,2.714e-05,2e-08,"(643,3)","(0,0)",1.0,462.0
0.07,4.57238e-07,1.07734e-05,3.806e-05,2e-08,"(644,3)","(0,0)",1.0,6384.0
0.07,3.26599e-08,1.80942e-05,2.642e-05,2e-08,"(645,3)","(0,0)",1.0,1248.0
0.07,1.66565e-06,1.49765e-05,1.858e-05,2e-08,"(646,3)","(0,0)",1.0,367.0
0.07,3.26599e-08,3.33708e-05,1.52e-05,2e-08,"(647,3)","(0,0)",1.0,339.0
0.07,1.79629e-06,1.50457e-05,2.726e-05,2e-08,"(648,3)","(0,0)",1.0,241.0
0.07,3.26599e-08,3.71814e-06,2.876e-05,2e-08,"(649,3)","(0,0)",1.0,671.0
0.07,3.26599e-08,7.80578e-06,2.356e-05,2e-08,"(650,3)","(0,0)",1.0,261.0
0.07,1.56767e-06,3.40521e-05,3.33e-05,2e-08,"(651,3)","(0,0)",1.0,612.0
0.07,3.26599e-08,1.52536e-05,4.022e-05,2e-08,"(652,3)","(0,0)",1.0,353.0
0.07,3.26599e-08,3.57957e-05,1.824e-05,2e-08,"(653,3)","(0,0)",1.0,344.0
0.07,6.53197e-07,2.86135e-05,4.14e-05,2e-08,"(654,3)","(0,0)",1.0,227.0
0.07,3.26599e-08,2.20432e-05,2.382e-05,2e-08,"(655,3)","(0,0)",1.0,3417.0
0.07,3.26599e-08,3.99526e-05,3.504e-05,2e-08,"(656,3)","(0,0)",1.0,6753.0
0.07,1.40437e-06,1.30712e-05,3.368e-05,2e-08,"(657,3)","(0,0)",1.0,610.0
0.07,3.26599e-08,4.89593e-06,2.98e-05,2e-08,"(658,3)","(0,0)",1.0,1970.0
0.07,8.49156e-07,3.2909e-05,1.028e-05,2e-08,"(659,3)","(0,0)",1.0,803.0
0.07,1.30639e-07,2.94795e-05,4.214e-05,2e-08,"(660,3)","(0,0)",1.0,1308.0
0.07,1.53501e-06,1.81634e-05,3.498e-05,2e-08,"(661,3)","(0,0)",1.0,537.0
0.07,1.50235e-06,1.02884e-05,2.21e-05,2e-08,"(662,3)","(0,0)",1.0,3552.0
0.07,3.26599e-08,2.11426e-05,9.42e-06,2e-08,"(663,3)","(0,0)",1.0,287.0
0.07,3.26599e-08,2.99067e-05,1.176e-05,2e-08,"(664,3)","(0,0)",1.0,925.0
0.07,3.26599e-08,4.72273e-06,3.238e-05,2e-08,"(665,3)","(0,0)",1.0,5497.0
0.07,3.26599e-08,3.77356e-05,3.056e-05,2e-08,"(666,3)","(0,0)",1.0,2555.0
0.07,1.63299e-06,2.57036e-05,3.54e-05,2e-08,"(667,3)","(0,0)",1.0,2019.0
0.07,1.99225e-06,2.19047e-05,2.51e-05,2e-08,"(668,3)","(0,0)",1.0,396.0
0.07,3.26599e-08,3.16734e-05,2.83e-05,2e-08,"(669,3)","(0,0)",1.0,955.0
0.07,3.26599e-08,3.05649e-05,3.222e-05,2e-08,"(670,3)","(0,0)",1.0,651.0
0.07,3.26599e-08,2.4676e-05,4.07e-05,2e-08,"(671,3)","(0,0)",1.0,264.0
0.07,1.92693e-06,3.18813e-05,2.614e-05,2e-08,"(672,3)","(0,0)",1.0,1548.0
0.07,3.26599e-08,3.59689e-05,2.214e-05,2e-08,"(673,3)","(0,0)",1.0,566.0
0.07,3.26599e-08,2.21818e-05,2.142e-05,2e-08,"(674,3)","(0,0)",1.0,308.0
0.07,3.26599e-08,3.79781e-05,2.378e-05,2e-08,"(675,3)","(0,0)",1.0,1434.0
0.07,1.01246e-06,3.96409e-05,3.51e-05,2e-08,"(676,3)","(0,0)",1.0,292.0
0.07,3.26599e-08,1.2032e-05,1.516e-05,2e-08,"(677,3)","(0,0)",1.0,563.0
0.07,1.27373e-06,7.59793e-06,2.72e-05,2e-08,"(678,3)","(0,0)",1.0,17975.0
0.07,4.24578e-07,2.1489e-05,8.06e-06,2e-08,"(679,3)","(0,0)",1.0,2080.0
0.07,3.26599e-08,2.58537e-05,3.386e-05,2e-08,"(680,3)","(0,0)",1.0,536.0
0.07,1.07778e-06,6.28157e-06,2.78e-05,2e-08,"(681,3)","(0,0)",1.0,230.0
0.07,1.27373e-06,1.58425e-05,3.672e-05,2e-08,"(682,3)","(0,0)",1.0,1765.0
0.07,3.26599e-08,3.45486e-05,2.896e-05,2e-08,"(683,3)","(0,0)",1.0,367.0
0.07,1.43703e-06,9.76877e-06,2.216e-05,2e-08,"(684,3)","(0,0)",1.0,559.0
0.07,4.89898e-07,1.16509e-05,3.85e-05,2e-08,"(685,3)","(0,0)",1.0,56617.0
0.07,3.26599e-08,3.23663e-05,2.802e-05,2e-08,"(686,3)","(0,0)",1.0,257.0
0.07,6.53197e-07,4.31627e-05,1.628e-05,2e-08,"(687,3)","(0,0)",1.0,1245.0
0.07,6.20537e-07,6.62798e-06,3.356e-05,2e-08,"(688,3)","(0,0)",1.0,252.0
0.07,3.26599e-08,3.34401e-05,1.268e-05,2e-08,"(689,3)","(0,0)",1.0,375.0
0.07,8.16497e-07,2.16275e-05,4.078e-05,2e-08,"(690,3)","(0,0)",1.0,744.0
0.07,1.37171e-06,2.45605e-05,1.202e-05,2e-08,"(691,3)","(0,0)",1.0,296.0
0.07,3.26599e-08,9.78031e-06,2.146e-05,2e-08,"(692,3)","(0,0)",1.0,680.0
0.07,3.26599e-08,3.07381e-05,1.744e-05,2e-08,"(693,3)","(0,0)",1.0,233.0
0.07,3.26599e-08,2.63387e-05,2.974e-05,2e-08,"(694,3)","(0,0)",1.0,598.0
0.07,1.43703e-06,3.71352e-05,1.704e-05,2e-08,"(695,3)","(0,0)",1.0,269.0
0.07,1.82895e-06,2.36252e-05,3.248e-05,2e-08,"(696,3)","(0,0)",1.0,397.0
0.07,3.59258e-07,8.53324e-06,1.342e-05,2e-08,"(697,3)","(0,0)",1.0,293.0
0.07,1.37171e-06,2.25859e-05,1.228e-05,2e-08,"(698,3)","(0,0)",1.0,6871.0
0.07,3.26599e-08,2.53341e-05,4.02e-05,2e-08,"(699,3)","(0,0)",1.0,2067.0
0.07,2.93939e-07,4.72273e-05,2.388e-05,2e-08,"(700,3)","(0,0)",1.0,426.0
0.07,1.27373e-06,1.30366e-05,1.49e-05,2e-08,"(701,3)","(0,0)",1.0,368.0
0.07,1.20841e-06,1.657e-05,1.266e-05,2e-08,"(702,3)","(0,0)",1.0,1307.0
0.07,1.46969e-06,1.63967e-05,1.516e-05,2e-08,"(703,3)","(0,0)",1.0,507.0
0.07,1.07778e-06,3.73546e-05,3.626e-05,2e-08,"(704,3)","(0,0)",1.0,257.0
0.07,1.40437e-06,2.03458e-05,1.288e-05,2e-08,"(705,3)","(0,0)",1.0,15251.0
0.07,9.47136e-07,4.33128e-05,3.13e-05,2e-08,"(706,3)","(0,0)",1.0,327.0
0.07,1.76363e-06,3.60267e-05,2.672e-05,2e-08,"(707,3)","(0,0)",1.0,2420.0
0.07,1.50235e-06,1.17087e-05,3.052e-05,2e-08,"(708,3)","(0,0)",1.0,291.0
0.07,7.18517e-07,4.46869e-06,2.134e-05,2e-08,"(709,3)","(0,0)",1.0,241.0
0.07,3.26599e-08,5.55411e-06,3.086e-05,2e-08,"(710,3)","(0,0)",1.0,358.0
0.07,3.26599e-08,1.07503e-05,1.994e-05,2e-08,"(711,3)","(0,0)",1.0,35728.0
0.07,7.83837e-07,1.45839e-05,1.106e-05,2e-08,"(712,3)","(0,0)",1.0,221.0
0.07,3.26599e-08,3.54493e-05,2.516e-05,2e-08,"(713,3)","(0,0)",1.0,863.0
0.07,1.53501e-06,1.88909e-05,3.536e-05,2e-08,"(714,3)","(0,0)",1.0,645.0
0.07,1.69831e-06,1.72512e-05,1.772e-05,2e-08,"(715,3)","(0,0)",1.0,4023.0
0.07,1.86161e-06,1.78517e-05,2.868e-05,2e-08,"(716,3)","(0,0)",1.0,7106.0
0.07,3.26599e-08,1.30366e-05,1.53e-05,2e-08,"(717,3)","(0,0)",1.0,512.0
0.07,1.92693e-06,2.17661e-05,2.098e-05,2e-08,"(718,3)","(0,0)",1.0,2856.0
0.07,9.79796e-07,1.24015e-05,1.312e-05,2e-08,"(719,3)","(0,0)",1.0,415.0
0.07,3.26599e-08,2.5057e-05,2.98e-05,2e-08,"(720,3)","(0,0)",1.0,4292.0
0.07,3.26599e-08,2.15929e-05,1.844e-05,2e-08,"(721,3)","(0,0)",1.0,3339.0
0.07,1.07778e-06,2.54034e-05,1.012e-05,2e-08,"(722,3)","(0,0)",1.0,269.0
0.07,1.95959e-06,2.81978e-05,2.228e-05,2e-08,"(723,3)","(0,0)",1.0,1573.0
0.07,1.17576e-06,3.88672e-05,1.58e-05,2e-08,"(724,3)","(0,0)",1.0,3355.0
0.07,3.26599e-08,1.30019e-05,3.264e-05,2e-08,"(725,3)","(0,0)",1.0,317.0
0.07,3.26599e-08,2.78629e-05,2.398e-05,2e-08,"(726,3)","(0,0)",1.0,648.0
0.07,1.82895e-06,3.25279e-05,2.99e-05,2e-08,"(727,3)","(0,0)",1.0,1091.0
0.07,6.20537e-07,1.40758e-05,3.934e-05,2e-08,"(728,3)","(0,0)",1.0,2398.0
0.07,1.07778e-06,9.64175e-06,3.378e-05,2e-08,"(729,3)","(0,0)",1.0,2918.0
0.07,1.1431e-06,2.57152e-05,3.946e-05,2e-08,"(730,3)","(0,0)",1.0,474.0
0.07,1.27373e-06,3.08421e-05,3.774e-05,2e-08,"(731,3)","(0,0)",1.0,505.0
0.07,5.22558e-07,4.61072e-05,2.914e-05,2e-08,"(732,3)","(0,0)",1.0,1548.0
0.07,1.99225e-06,2.81747e-05,2.26e-05,2e-08,"(733,3)","(0,0)",1.0,362.0
0.07,3.26599e-08,2.09347e-05,3.118e-05,2e-08,"(734,3)","(0,0)",1.0,344.0
0.07,1.73097e-06,3.51375e-05,2.966e-05,2e-08,"(735,3)","(0,0)",1.0,8536.0
0.07,1.33905e-06,3.61768e-05,3.49e-05,2e-08,"(736,3)","(0,0)",1.0,1736.0
0.07,9.47136e-07,1.04731e-05,1.442e-05,2e-08,"(737,3)","(0,0)",1.0,510.0
0.07,8.81816e-07,3.24009e-05,1.028e-05,2e-08,"(738,3)","(0,0)",1.0,274.0
0.07,3.26599e-08,3.12924e-05,1.496e-05,2e-08,"(739,3)","(0,0)",1.0,234.0
0.07,1.66565e-06,3.57611e-05,3.01e-05,2e-08,"(740,3)","(0,0)",1.0,294.0
0.07,1.1431e-06,1.19973e-05,1.474e-05,2e-08,"(741,3)","(0,0)",1.0,315.0
0.07,1.60033e-06,3.58996e-05,1.866e-05,2e-08,"(742,3)","(0,0)",1.0,248.0
0.07,1.73097e-06,1.32098e-05,2.416e-05,2e-08,"(743,3)","(0,0)",1.0,1808.0
0.07,8.49156e-07,3.6962e-05,1.214e-05,2e-08,"(744,3)","(0,0)",1.0,426.0
0.07,3.26599e-08,1.76785e-05,2.742e-05,2e-08,"(745,3)","(0,0)",1.0,700.0
0.07,9.79796e-07,2.49069e-05,9.7e-06,2e-08,"(746,3)","(0,0)",1.0,270.0
0.07,1.50235e-06,1.4861e-05,1.634e-05,2e-08,"(747,3)","(0,0)",1.0,13787.0
0.07,1.76363e-06,3.0103e-05,1.722e-05,2e-08,"(748,3)","(0,0)",1.0,627.0
0.07,3.26599e-08,1.7817e-05,3.63e-05,2e-08,"(749,3)","(0,0)",1.0,229.0
0.07,1.89427e-06,2.3833e-05,1.872e-05,2e-08,"(750,3)","(0,0)",1.0,575.0
0.07,3.26599e-08,4.11651e-05,3.394e-05,2e-08,"(751,3)","(0,0)",1.0,1455.0
0.07,3.26599e-08,2.27707e-05,3.28e-05,2e-08,"(752,3)","(0,0)",1.0,12793.0
0.07,3.26599e-08,3.92945e-05,1.786e-05,2e-08,"(753,3)","(0,0)",1.0,2460.0
0.07,1.04512e-06,1.38218e-05,3.714e-05,2e-08,"(754,3)","(0,0)",1.0,358.0
0.07,1.76363e-06,3.19044e-05,3.178e-05,2e-08,"(755,3)","(0,0)",1.0,884.0
0.07,3.26599e-08,1.58425e-05,1.552e-05,2e-08,"(756,3)","(0,0)",1.0,12306.0
0.07,3.26599e-08,2.69969e-05,8.64e-06,2e-08,"(757,3)","(0,0)",1.0,668.0
0.07,3.26599e-08,1.56346e-05,2.936e-05,2e-08,"(758,3)","(0,0)",1.0,1616.0
0.07,3.26599e-08,3.76317e-05,2.166e-05,2e-08,"(759,3)","(0,0)",1.0,347.0
0.07,1.95959e-07,3.67195e-05,3.988e-05,2e-08,"(760,3)","(0,0)",1.0,1710.0
0.07,3.26599e-08,1.79556e-05,1.49e-05,2e-08,"(761,3)","(0,0)",1.0,5151.0
0.07,1.17576e-06,4.31973e-05,2.286e-05,2e-08,"(762,3)","(0,0)",1.0,259.0
0.07,3.26599e-08,2.22857e-05,2.444e-05,2e-08,"(763,3)","(0,0)",1.0,1119.0
0.07,1.79629e-06,1.96876e-05,3.206e-05,2e-08,"(764,3)","(0,0)",1.0,519.0
0.07,3.26599e-08,4.27239e-05,3.224e-05,2e-08,"(765,3)","(0,0)",1.0,231.0
0.07,1.95959e-06,2.16853e-05,2.256e-05,2e-08,"(766,3)","(0,0)",1.0,238.0
0.07,1.76363e-06,1.40989e-05,2.378e-05,2e-08,"(767,3)","(0,0)",1.0,231.0
0.07,1.1431e-06,2.2355e-05,1.06e-05,2e-08,"(768,3)","(0,0)",1.0,497.0
0.07,3.26599e-08,1.90295e-05,3.284e-05,2e-08,"(769,3)","(0,0)",1.0,265.0
0.07,1.56767e-06,3.04148e-05,3.524e-05,2e-08,"(770,3)","(0,0)",1.0,421.0
0.07,3.26599e-08,4.34167e-05,1.6e-05,2e-08,"(771,3)","(0,0)",1.0,319.0
0.07,1.37171e-06,1.17433e-05,1.71e-05,2e-08,"(772,3)","(0,0)",1.0,407.0
0.07,1.01246e-06,2.12118e-05,3.99e-05,2e-08,"(773,3)","(0,0)",1.0,863.0
0.07,3.26599e-08,3.16734e-05,9.26e-06,2e-08,"(774,3)","(0,0)",1.0,542.0
0.07,2.02491e-06,2.51494e-05,2.548e-05,2e-08,"(775,3)","(0,0)",1.0,1325.0
0.07,3.26599e-08,1.04731e-05,2.214e-05,2e-08,"(776,3)","(0,0)",1.0,246.0
0.07,2.93939e-07,4.19965e-05,3.622e-05,2e-08,"(777,3)","(0,0)",1.0,460.0
0.07,3.26599e-08,2.85904e-05,2.424e-05,2e-08,"(778,3)","(0,0)",1.0,845.0
0.07,1.43703e-06,3.71005e-05,1.71e-05,2e-08,"(779,3)","(0,0)",1.0,728.0
0.07,1.04512e-06,5.9929e-06,2.778e-05,2e-08,"(780,3)","(0,0)",1.0,12775.0
0.07,1.86161e-06,2.49877e-05,3.14e-05,2e-08,"(781,3)","(0,0)",1.0,508.0
0.07,3.26599e-08,4.35207e-05,3.338e-05,2e-08,"(782,3)","(0,0)",1.0,737.0
0.07,3.26599e-08,1.06117e-05,2.714e-05,2e-08,"(783,3)","(0,0)",1.0,271.0
0.07,3.26599e-08,4.2135e-05,3.386e-05,2e-08,"(784,3)","(0,0)",1.0,346.0
0.07,1.20841e-06,3.09113e-05,1.174e-05,2e-08,"(785,3)","(0,0)",1.0,300.0
0.07,3.26599e-08,3.72506e-05,2.724e-05,2e-08,"(786,3)","(0,0)",1.0,466.0
0.07,3.26599e-08,3.82206e-05,2.96e-05,2e-08,"(787,3)","(0,0)",1.0,269.0
0.07,3.91918e-07,1.70434e-05,4.108e-05,2e-08,"(788,3)","(0,0)",1.0,4929.0
0.07,1.33905e-06,1.9168e-05,1.264e-05,2e-08,"(789,3)","(0,0)",1.0,254.0
0.07,3.26599e-08,2.39831e-05,1.086e-05,2e-08,"(790,3)","(0,0)",1.0,402.0
0.07,3.26599e-08,1.5115e-05,1.814e-05,2e-08,"(791,3)","(0,0)",1.0,705.0
0.07,9.47136e-07,1.40758e-05,3.786e-05,2e-08,"(792,3)","(0,0)",1.0,469.0
0.07,3.26599e-08,7.66721e-06,1.708e-05,2e-08,"(793,3)","(0,0)",1.0,477.0
0.07,4.57238e-07,1.351e-05,1.048e-05,2e-08,"(794,3)","(0,0)",1.0,523.0
0.07,1.1431e-06,4.36592e-05,2.574e-05,2e-08,"(795,3)","(0,0)",1.0,368.0
0.07,1.50235e-06,9.94197e-06,2.322e-05,2e-08,"(796,3)","(0,0)",1.0,954.0
0.07,1.24107e-06,4.27124e-05,2.382e-05,2e-08,"(797,3)","(0,0)",1.0,364.0
0.07,6.20537e-07,9.67639e-06,3.668e-05,2e-08,"(798,3)","(0,0)",1.0,747.0
0.07,1.69831e-06,3.17658e-05,1.698e-05,2e-08,"(799,3)","(0,0)",1.0,413.0
0.07,8.81816e-07,7.97898e-06,1.65e-05,2e-08,"(800,3)","(0,0)",1.0,1785.0
0.07,3.26599e-08,4.4352e-05,2.318e-05,2e-08,"(801,3)","(0,0)",1.0,1776.0
0.07,1.76363e-06,2.98606e-05,3.268e-05,2e-08,"(802,3)","(0,0)",1.0,689.0
0.07,3.26599e-08,1.59464e-05,1.954e-05,2e-08,"(803,3)","(0,0)",1.0,1236.0
0.07,1.07778e-06,2.80361e-05,3.96e-05,2e-08,"(804,3)","(0,0)",1.0,299123.0
0.07,3.26599e-08,2.23204e-05,3.582e-05,2e-08,"(805,3)","(0,0)",1.0,354.0
0.07,3.26599e-08,3.00107e-05,2.39e-05,2e-08,"(806,3)","(0,0)",1.0,5059.0
0.07,1.69831e-06,3.74469e-05,2.498e-05,2e-08,"(807,3)","(0,0)",1.0,652.0
0.07,9.79796e-07,2.42487e-05,9.68e-06,2e-08,"(808,3)","(0,0)",1.0,1165.0
0.07,1.43703e-06,1.03923e-05,2.964e-05,2e-08,"(809,3)","(0,0)",1.0,890.0
0.07,4.24578e-07,4.6188e-05,2.032e-05,2e-08,"(810,3)","(0,0)",1.0,790.0
0.07,8.16497e-07,2.90407e-05,9.22e-06,2e-08,"(811,3)","(0,0)",1.0,259.0
0.07,1.89427e-06,1.78748e-05,2.624e-05,2e-08,"(812,3)","(0,0)",1.0,2037.0
0.07,3.26599e-08,9.50319e-06,3.234e-05,2e-08,"(813,3)","(0,0)",1.0,473.0
0.07,3.59258e-07,1.8302e-05,4.146e-05,2e-08,"(814,3)","(0,0)",1.0,306.0
0.07,1.82895e-06,3.31515e-05,2.938e-05,2e-08,"(815,3)","(0,0)",1.0,334.0
0.07,1.50235e-06,3.76548e-05,3.11e-05,2e-08,"(816,3)","(0,0)",1.0,287.0
0.07,3.26599e-08,2.51263e-05,1.944e-05,2e-08,"(817,3)","(0,0)",1.0,718.0
0.07,3.26599e-08,3.8567e-05,2.232e-05,2e-08,"(818,3)","(0,0)",1.0,221.0
0.07,4.89898e-07,4.99985e-06,3.178e-05,2e-08,"(819,3)","(0,0)",1.0,310.0
0.07,3.26599e-08,1.78517e-05,1.92e-05,2e-08,"(820,3)","(0,0)",1.0,272.0
0.07,3.26599e-08,1.85098e-05,3.526e-05,2e-08,"(821,3)","(0,0)",1.0,314.0
0.07,1.66565e-06,1.98955e-05,3.398e-05,2e-08,"(822,3)","(0,0)",1.0,817.0
0.07,1.63299e-06,3.25972e-05,1.638e-05,2e-08,"(823,3)","(0,0)",1.0,292.0
0.07,1.20841e-06,4.30703e-05,2.592e-05,2e-08,"(824,3)","(0,0)",1.0,379.0
0.07,3.26599e-08,3.37519e-05,2.202e-05,2e-08,"(825,3)","(0,0)",1.0,313.0
0.07,1.27373e-06,9.2607e-06,3.1e-05,2e-08,"(826,3)","(0,0)",1.0,1321.0
0.07,3.26599e-08,3.25741e-05,2.766e-05,2e-08,"(827,3)","(0,0)",1.0,739.0
0.07,3.26599e-08,3.57957e-06,2.68e-05,2e-08,"(828,3)","(0,0)",1.0,1663.0
0.07,2.93939e-07,3.05996e-06,2.818e-05,2e-08,"(829,3)","(0,0)",1.0,234.0
0.07,3.26599e-08,4.12344e-05,2.986e-05,2e-08,"(830,3)","(0,0)",1.0,464.0
0.07,5.55218e-07,4.52874e-05,1.916e-05,2e-08,"(831,3)","(0,0)",1.0,605.0
0.07,1.86161e-06,2.67544e-05,3.178e-05,2e-08,"(832,3)","(0,0)",1.0,3578.0
0.07,3.26599e-08,2.68237e-05,1.13e-05,2e-08,"(833,3)","(0,0)",1.0,387.0
0.07,1.11044e-06,9.21451e-06,1.716e-05,2e-08,"(834,3)","(0,0)",1.0,424.0
0.07,1.66565e-06,3.08074e-05,3.376e-05,2e-08,"(835,3)","(0,0)",1.0,326.0
0.07,1.53501e-06,2.26321e-05,3.636e-05,2e-08,"(836,3)","(0,0)",1.0,904.0
0.07,1.82895e-06,3.3775e-05,2.754e-05,2e-08,"(837,3)","(0,0)",1.0,487.0
0.07,1.76363e-06,1.77016e-05,1.862e-05,2e-08,"(838,3)","(0,0)",1.0,2169.0
0.07,1.07778e-06,3.77703e-05,3.594e-05,2e-08,"(839,3)","(0,0)",1.0,561.0
0.07,1.56767e-06,3.43292e-05,3.342e-05,2e-08,"(840,3)","(0,0)",1.0,271.0
0.07,1.17576e-06,2.30016e-05,1.076e-05,2e-08,"(841,3)","(0,0)",1.0,1192.0
0.07,3.26599e-08,4.7054e-05,2.57e-05,2e-08,"(842,3)","(0,0)",1.0,5897.0
0.07,3.26599e-08,4.74005e-05,2.638e-05,2e-08,"(843,3)","(0,0)",1.0,438.0
0.07,3.26599e-08,4.07494e-05,2.598e-05,2e-08,"(844,3)","(0,0)",1.0,462.0
0.07,3.26599e-08,4.11304e-05,2.552e-05,2e-08,"(845,3)","(0,0)",1.0,515.0
0.07,1.43703e-06,9.17987e-06,2.482e-05,2e-08,"(846,3)","(0,0)",1.0,285.0
0.07,3.26599e-08,4.05415e-05,1.35e-05,2e-08,"(847,3)","(0,0)",1.0,3720.0
0.07,3.26599e-08,2.84172e-05,9.22e-06,2e-08,"(848,3)","(0,0)",1.0,3925.0
0.07,1.04512e-06,3.329e-05,3.866e-05,2e-08,"(849,3)","(0,0)",1.0,327.0
0.07,1.04512e-06,1.87408e-05,1.086e-05,2e-08,"(850,3)","(0,0)",1.0,970.0
0.07,1.92693e-06,1.93412e-05,2.234e-05,2e-08,"(851,3)","(0,0)",1.0,485.0
0.07,3.26599e-08,1.16163e-05,2.844e-05,2e-08,"(852,3)","(0,0)",1.0,241.0
0.07,8.49156e-07,2.12349e-05,4.07e-05,2e-08,"(853,3)","(0,0)",1.0,690.0
0.07,3.26599e-08,2.72394e-05,1.454e-05,2e-08,"(854,3)","(0,0)",1.0,625.0
0.07,8.81816e-07,4.0299e-05,3.532e-05,2e-08,"(855,3)","(0,0)",1.0,242.0
0.07,1.24107e-06,1.55192e-05,3.664e-05,2e-08,"(856,3)","(0,0)",1.0,34203.0
0.07,1.11044e-06,9.56092e-06,3.34e-05,2e-08,"(857,3)","(0,0)",1.0,229.0
0.07,1.60033e-06,1.77824e-05,1.6e-05,2e-08,"(858,3)","(0,0)",1.0,515.0
0.07,1.30639e-06,2.32788e-05,3.828e-05,2e-08,"(859,3)","(0,0)",1.0,289.0
0.07,1.53501e-06,3.02532e-05,1.452e-05,2e-08,"(860,3)","(0,0)",1.0,301.0
0.07,3.26599e-08,1.99648e-05,3.562e-05,2e-08,"(861,3)","(0,0)",1.0,1118.0
0.07,1.07778e-06,9.98816e-06,1.59e-05,2e-08,"(862,3)","(0,0)",1.0,227.0
0.07,3.26599e-08,2.51956e-05,3e-05,2e-08,"(863,3)","(0,0)",1.0,1836.0
0.07,1.56767e-06,2.66043e-05,3.596e-05,2e-08,"(864,3)","(0,0)",1.0,276.0
0.07,1.89427e-06,2.12003e-05,1.932e-05,2e-08,"(865,3)","(0,0)",1.0,2349.0
0.07,1.82895e-06,3.04148e-05,1.912e-05,2e-08,"(866,3)","(0,0)",1.0,3731.0
0.07,3.26599e-08,4.06801e-05,1.722e-05,2e-08,"(867,3)","(0,0)",1.0,237.0
0.07,3.26599e-08,3.86709e-05,1.242e-05,2e-08,"(868,3)","(0,0)",1.0,496.0
0.07,3.26599e-08,5.34626e-06,3.11e-05,2e-08,"(869,3)","(0,0)",1.0,1988.0
0.07,3.26599e-08,2.95603e-06,2.668e-05,2e-08,"(870,3)","(0,0)",1.0,907.0
0.07,6.20537e-07,1.657e-05,9.62e-06,2e-08,"(871,3)","(0,0)",1.0,838.0
0.07,3.26599e-08,2.58884e-05,1.224e-05,2e-08,"(872,3)","(0,0)",1.0,484.0
0.07,3.26599e-08,3.73892e-05,1.848e-05,2e-08,"(873,3)","(0,0)",1.0,3472.0
0.07,3.26599e-08,4.0784e-05,3.516e-05,2e-08,"(874,3)","(0,0)",1.0,323.0
0.07,3.26599e-08,4.29318e-05,1.56e-05,2e-08,"(875,3)","(0,0)",1.0,2931.0
0.07,1.69831e-06,2.60847e-05,3.446e-05,2e-08,"(876,3)","(0,0)",1.0,353.0
0.07,6.20537e-07,3.82899e-05,1.196e-05,2e-08,"(877,3)","(0,0)",1.0,248492.0
0.07,3.26599e-08,1.97223e-05,8.32e-06,2e-08,"(878,3)","(0,0)",1.0,470.0
0.07,3.26599e-08,1.12699e-05,2.44e-05,2e-08,"(879,3)","(0,0)",1.0,620.0
0.07,1.43703e-06,3.99757e-05,2.12e-05,2e-08,"(880,3)","(0,0)",1.0,275.0
0.07,3.26599e-08,4.50795e-05,2.644e-05,2e-08,"(881,3)","(0,0)",1.0,255.0
0.07,3.26599e-08,4.24122e-05,1.83e-05,2e-08,"(882,3)","(0,0)",1.0,400.0
0.07,9.47136e-07,4.06801e-05,3.446e-05,2e-08,"(883,3)","(0,0)",1.0,2177.0
0.07,1.27373e-06,2.55073e-05,3.854e-05,2e-08,"(884,3)","(0,0)",1.0,8662.0
0.07,5.87878e-07,1.25747e-05,3.878e-05,2e-08,"(885,3)","(0,0)",1.0,3486.0
0.07,1.66565e-06,1.33137e-05,2.922e-05,2e-08,"(886,3)","(0,0)",1.0,2574.0
0.07,1.56767e-06,1.95722e-05,1.49e-05,2e-08,"(887,3)","(0,0)",1.0,227.0
0.07,1.56767e-06,1.34407e-05,1.872e-05,2e-08,"(888,3)","(0,0)",1.0,326.0
0.07,1.53501e-06,2.34635e-05,1.36e-05,2e-08,"(889,3)","(0,0)",1.0,1714.0
0.07,1.37171e-06,1.91565e-05,1.286e-05,2e-08,"(890,3)","(0,0)",1.0,496.0
0.07,1.04512e-06,2.27938e-05,3.996e-05,2e-08,"(891,3)","(0,0)",1.0,2594.0
0.07,3.26599e-08,2.47106e-05,3.06e-05,2e-08,"(892,3)","(0,0)",1.0,1413.0
0.07,3.26599e-08,3.05303e-05,2.332e-05,2e-08,"(893,3)","(0,0)",1.0,3081.0
0.07,3.26599e-08,3.53454e-05,1.738e-05,2e-08,"(894,3)","(0,0)",1.0,779.0
0.07,1.63299e-06,3.49874e-05,1.828e-05,2e-08,"(895,3)","(0,0)",1.0,1656.0
0.07,3.26599e-08,3.48258e-05,2.224e-05,2e-08,"(896,3)","(0,0)",1.0,915.0
0.07,1.66565e-06,1.24477e-05,2.308e-05,2e-08,"(897,3)","(0,0)",1.0,2965.0
0.07,3.26599e-08,3.67657e-05,1.072e-05,2e-08,"(898,3)","(0,0)",1.0,4969.0
0.07,1.30639e-06,4.12575e-05,2.102e-05,2e-08,"(899,3)","(0,0)",1.0,286.0
0.07,3.26599e-08,4.11997e-05,1.452e-05,2e-08,"(900,3)","(0,0)",1.0,2047.0
0.07,9.47136e-07,4.29664e-05,1.834e-05,2e-08,"(901,3)","(0,0)",1.0,372.0
0.07,6.53197e-07,4.61765e-05,2.706e-05,2e-08,"(902,3)","(0,0)",1.0,516.0
0.07,1.89427e-06,2.37984e-05,3.094e-05,2e-08,"(903,3)","(0,0)",1.0,529.0
0.07,3.26599e-08,3.84977e-05,1.532e-05,2e-08,"(904,3)","(0,0)",1.0,448.0
0.07,1.40437e-06,9.2607e-06,2.156e-05,2e-08,"(905,3)","(0,0)",1.0,8039.0
0.07,9.79796e-07,2.99991e-05,1.024e-05,2e-08,"(906,3)","(0,0)",1.0,426.0
0.07,1.46969e-06,2.16622e-05,1.328e-05,2e-08,"(907,3)","(0,0)",1.0,21472.0
0.07,3.26599e-08,8.70644e-06,2.212e-05,2e-08,"(908,3)","(0,0)",1.0,1475.0
0.07,3.26599e-08,2.81747e-05,3.516e-05,2e-08,"(909,3)","(0,0)",1.0,298.0
0.07,1.82895e-06,1.56924e-05,2.662e-05,2e-08,"(910,3)","(0,0)",1.0,495052.0
0.07,3.26599e-08,4.45253e-05,2.616e-05,2e-08,"(911,3)","(0,0)",1.0,281.0
0.07,3.26599e-08,1.81288e-05,3.46e-05,2e-08,"(912,3)","(0,0)",1.0,1013.0
0.07,3.26599e-08,4.50102e-05,1.948e-05,2e-08,"(913,3)","(0,0)",1.0,253.0
0.07,3.26599e-08,1.30019e-05,1.748e-05,2e-08,"(914,3)","(0,0)",1.0,260.0
0.07,3.26599e-08,5.62339e-06,2.69e-05,2e-08,"(915,3)","(0,0)",1.0,222.0
0.07,1.01246e-06,2.99414e-05,3.978e-05,2e-08,"(916,3)","(0,0)",1.0,807.0
0.07,8.49156e-07,4.01836e-05,1.424e-05,2e-08,"(917,3)","(0,0)",1.0,13693.0
0.07,1.40437e-06,8.70644e-06,2.616e-05,2e-08,"(918,3)","(0,0)",1.0,1006.0
0.07,3.26599e-08,2.13158e-05,9.8e-06,2e-08,"(919,3)","(0,0)",1.0,1601.0
0.07,1.86161e-06,3.31284e-05,2.746e-05,2e-08,"(920,3)","(0,0)",1.0,1716.0
0.07,3.26599e-08,3.61421e-05,1.156e-05,2e-08,"(921,3)","(0,0)",1.0,497.0
0.07,9.47136e-07,2.63734e-05,9.48e-06,2e-08,"(922,3)","(0,0)",1.0,165671.0
0.07,3.26599e-08,1.54614e-05,1.834e-05,2e-08,"(923,3)","(0,0)",1.0,267.0
0.07,1.95959e-06,2.36945e-05,2.164e-05,2e-08,"(924,3)","(0,0)",1.0,375.0
0.07,3.26599e-08,4.41788e-05,3.024e-05,2e-08,"(925,3)","(0,0)",1.0,241.0
0.07,1.95959e-06,2.08539e-05,2.764e-05,2e-08,"(926,3)","(0,0)",1.0,477.0
0.07,3.26599e-08,4.25854e-05,3.26e-05,2e-08,"(927,3)","(0,0)",1.0,333.0
0.07,3.26599e-08,3.56918e-05,3.514e-05,2e-08,"(928,3)","(0,0)",1.0,2448.0
0.07,6.85857e-07,3.71121e-05,1.144e-05,2e-08,"(929,3)","(0,0)",1.0,245.0
0.07,3.26599e-08,4.05762e-05,2.232e-05,2e-08,"(930,3)","(0,0)",1.0,276.0
0.07,3.26599e-08,1.14084e-05,2.868e-05,2e-08,"(931,3)","(0,0)",1.0,850.0
0.07,3.26599e-08,1.67778e-05,1.95e-05,2e-08,"(932,3)","(0,0)",1.0,534.0
0.07,1.92693e-06,2.10733e-05,2.11e-05,2e-08,"(933,3)","(0,0)",1.0,3410.0
0.07,3.26599e-08,1.15816e-05,2.502e-05,2e-08,"(934,3)","(0,0)",1.0,241.0
0.07,1.37171e-06,3.90751e-05,1.84e-05,2e-08,"(935,3)","(0,0)",1.0,238.0
0.07,8.49156e-07,1.54153e-05,3.914e-05,2e-08,"(936,3)","(0,0)",1.0,264.0
0.07,1.43703e-06,4.08764e-05,2.424e-05,2e-08,"(937,3)","(0,0)",1.0,2116.0
0.07,8.49156e-07,4.5449e-05,2.448e-05,2e-08,"(938,3)","(0,0)",1.0,342.0
0.07,1.89427e-06,3.24586e-05,2.334e-05,2e-08,"(939,3)","(0,0)",1.0,1433.0
0.07,3.26599e-08,9.91888e-06,3.106e-05,2e-08,"(940,3)","(0,0)",1.0,912.0
0.07,6.53197e-07,3.68234e-05,3.886e-05,2e-08,"(941,3)","(0,0)",1.0,862.0
0.07,3.26599e-08,3.71121e-05,1.256e-05,2e-08,"(942,3)","(0,0)",1.0,658.0
0.07,3.26599e-08,2.95603e-05,2.268e-05,2e-08,"(943,3)","(0,0)",1.0,1760.0
0.07,1.63299e-06,3.6962e-05,2.018e-05,2e-08,"(944,3)","(0,0)",1.0,348.0
0.07,1.60033e-06,3.36826e-05,3.346e-05,2e-08,"(945,3)","(0,0)",1.0,1530.0
0.07,6.53197e-07,3.18697e-05,9.24e-06,2e-08,"(946,3)","(0,0)",1.0,1208.0
0.07,8.81816e-07,3.43754e-05,1.098e-05,2e-08,"(947,3)","(0,0)",1.0,358.0
0.07,3.26599e-08,3.18466e-05,2.068e-05,2e-08,"(948,3)","(0,0)",1.0,602.0
0.07,7.18517e-07,3.91443e-06,2.542e-05,2e-08,"(949,3)","(0,0)",1.0,233.0
0.07,6.20537e-07,3.84631e-05,1.198e-05,2e-08,"(950,3)","(0,0)",1.0,510.0
0.07,3.26599e-08,3.73199e-05,2.78e-05,2e-08,"(951,3)","(0,0)",1.0,417.0
0.07,1.24107e-06,1.12583e-05,1.602e-05,2e-08,"(952,3)","(0,0)",1.0,801.0
0.07,1.1431e-06,4.33475e-05,2.308e-05,2e-08,"(953,3)","(0,0)",1.0,1256.0
0.07,3.26599e-08,2.39138e-05,2.198e-05,2e-08,"(954,3)","(0,0)",1.0,86062.0
0.07,3.26599e-08,1.65007e-05,2.722e-05,2e-08,"(955,3)","(0,0)",1.0,575.0
0.07,6.85857e-07,3.99526e-06,2.26e-05,2e-08,"(956,3)","(0,0)",1.0,1477.0
0.07,3.26599e-08,1.92027e-05,2.67e-05,2e-08,"(957,3)","(0,0)",1.0,9016.0
0.07,1.01246e-06,2.95257e-05,3.982e-05,2e-08,"(958,3)","(0,0)",1.0,981.0
0.07,3.26599e-08,1.82327e-05,3.826e-05,2e-08,"(959,3)","(0,0)",1.0,285.0
0.07,1.04512e-06,6.09682e-06,2.812e-05,2e-08,"(960,3)","(0,0)",1.0,1913.0
0.07,1.37171e-06,1.62466e-05,3.594e-05,2e-08,"(961,3)","(0,0)",1.0,2785.0
0.07,1.37171e-06,3.08651e-05,3.714e-05,2e-08,"(962,3)","(0,0)",1.0,241.0
0.07,3.26599e-08,2.86597e-05,1.196e-05,2e-08,"(963,3)","(0,0)",1.0,627.0
0.07,1.76363e-06,1.42721e-05,2.24e-05,2e-08,"(964,3)","(0,0)",1.0,680.0
0.07,1.60033e-06,1.1547e-05,2.692e-05,2e-08,"(965,3)","(0,0)",1.0,41238.0
0.07,1.01246e-06,6.00444e-06,2.836e-05,2e-08,"(966,3)","(0,0)",1.0,463.0
0.07,3.26599e-08,3.08767e-05,1.148e-05,2e-08,"(967,3)","(0,0)",1.0,308.0
0.07,3.26599e-08,2.83133e-05,3.552e-05,2e-08,"(968,3)","(0,0)",1.0,332.0
0.07,3.26599e-08,1.13738e-05,3.694e-05,2e-08,"(969,3)","(0,0)",1.0,241.0
0.07,1.86161e-06,3.26434e-05,2.75e-05,2e-08,"(970,3)","(0,0)",1.0,318.0
0.07,1.56767e-06,3.56802e-05,1.752e-05,2e-08,"(971,3)","(0,0)",1.0,614.0
0.07,1.24107e-06,2.57036e-05,1.124e-05,2e-08,"(972,3)","(0,0)",1.0,1097.0
0.07,3.26599e-08,1.89255e-05,9.22e-06,2e-08,"(973,3)","(0,0)",1.0,411.0
0.07,1.69831e-06,1.55885e-05,1.924e-05,2e-08,"(974,3)","(0,0)",1.0,1579.0
0.07,3.26599e-08,1.2898e-05,2.978e-05,2e-08,"(975,3)","(0,0)",1.0,589.0
0.07,3.26599e-08,1.82674e-05,1.676e-05,2e-08,"(976,3)","(0,0)",1.0,969.0
0.07,3.26599e-08,3.4999e-05,3.71e-05,2e-08,"(977,3)","(0,0)",1.0,765.0
0.07,5.55218e-07,1.71589e-05,4.068e-05,2e-08,"(978,3)","(0,0)",1.0,13740.0
0.07,3.26599e-08,2.29785e-05,3.188e-05,2e-08,"(979,3)","(0,0)",1.0,1032.0
0.07,3.26599e-08,9.88424e-06,3.104e-05,2e-08,"(980,3)","(0,0)",1.0,5115.0
0.07,1.63299e-06,1.35793e-05,3.052e-05,2e-08,"(981,3)","(0,0)",1.0,272.0
0.07,1.86161e-06,1.66046e-05,2.52e-05,2e-08,"(982,3)","(0,0)",1.0,783.0
0.07,3.26599e-08,3.59343e-05,1.608e-05,2e-08,"(983,3)","(0,0)",1.0,19594.0
0.07,4.89898e-07,1.26209e-05,1.098e-05,2e-08,"(984,3)","(0,0)",1.0,318.0
0.07,3.26599e-08,2.56459e-05,3.498e-05,2e-08,"(985,3)","(0,0)",1.0,495.0
0.07,3.26599e-08,1.4734e-05,3.908e-05,2e-08,"(986,3)","(0,0)",1.0,598.0
0.07,3.26599e-08,1.57386e-05,1.534e-05,2e-08,"(987,3)","(0,0)",1.0,3011.0
0.07,1.73097e-06,3.51029e-05,2.92e-05,2e-08,"(988,3)","(0,0)",1.0,711.0
0.07,3.26599e-08,9.64175e-06,1.858e-05,2e-08,"(989,3)","(0,0)",1.0,1303.0
0.07,1.60033e-06,3.44101e-05,3.296e-05,2e-08,"(990,3)","(0,0)",1.0,262.0
0.07,1.04512e-06,2.51494e-05,9.96e-06,2e-08,"(991,3)","(0,0)",1.0,987.0
0.07,3.26599e-08,1.42144e-05,3.442e-05,2e-08,"(992,3)","(0,0)",1.0,918.0
0.07,3.26599e-08,1.35562e-05,3.276e-05,2e-08,"(993,3)","(0,0)",1.0,1607.0
0.07,3.26599e-08,2.83479e-05,2.83e-05,2e-08,"(994,3)","(0,0)",1.0,419.0
0.07,3.26599e-08,4.46985e-05,2.346e-05,2e-08,"(995,3)","(0,0)",1.0,40616.0
0.07,3.26599e-08,5.58875e-06,1.74e-05,2e-08,"(996,3)","(0,0)",1.0,782.0
0.07,1.24107e-06,3.04841e-05,3.82e-05,2e-08,"(997,3)","(0,0)",1.0,294.0
0.07,3.26599e-08,2.42603e-05,3.91e-05,2e-08,"(998,3)","(0,0)",1.0,2362.0
0.07,7.18517e-07,4.20542e-05,1.54e-05,2e-08,"(999,3)","(0,0)",1.0,261.0
