0.03,3.26599e-08,3.08767e-05,1.652e-05,2e-08,"(0,1)","(0,0)"
0.03,3.26599e-08,4.0403e-05,3.918e-05,2e-08,"(1,1)","(0,0)"
0.03,3.26599e-08,4.48717e-05,2.948e-05,2e-08,"(2,1)","(0,0)"
0.03,3.26599e-08,3.47911e-05,4.278e-05,2e-08,"(3,1)","(0,0)"
0.03,7.51177e-07,4.32435e-05,3.518e-05,2e-08,"(4,1)","(0,0)"
0.03,3.26599e-08,2.40178e-05,4.4e-06,2e-08,"(5,1)","(0,0)"
0.03,1.33905e-06,8.46395e-06,2.842e-05,2e-08,"(6,1)","(0,0)"
0.03,1.95959e-06,2.74703e-05,3.026e-05,2e-08,"(7,1)","(0,0)"
0.03,3.26599e-08,7.45937e-06,1.736e-05,2e-08,"(8,1)","(0,0)"
0.03,4.24578e-07,2.30132e-05,4.694e-05,2e-08,"(9,1)","(0,0)"
0.03,3.26599e-08,3.16734e-05,4.05e-05,2e-08,"(10,1)","(0,0)"
0.03,2.28619e-07,2.71355e-06,2.314e-05,2e-08,"(11,1)","(0,0)"
0.03,3.26599e-08,2.28053e-05,3.61e-05,2e-08,"(12,1)","(0,0)"
0.03,3.26599e-08,4.45945e-05,3.084e-05,2e-08,"(13,1)","(0,0)"
0.03,1.79629e-06,1.70896e-05,3.192e-05,2e-08,"(14,1)","(0,0)"
0.03,3.26599e-08,1.77477e-05,1.062e-05,2e-08,"(15,1)","(0,0)"
0.03,1.1431e-06,2.27361e-05,4.334e-05,2e-08,"(16,1)","(0,0)"
0.03,3.26599e-08,1.97916e-05,3.996e-05,2e-08,"(17,1)","(0,0)"
0.03,5.87878e-07,1.75976e-05,4.532e-05,2e-08,"(18,1)","(0,0)"
0.03,1.73097e-06,3.64885e-05,2.46e-05,2e-08,"(19,1)","(0,0)"
0.03,1.82895e-06,1.5242e-05,2.616e-05,2e-08,"(20,1)","(0,0)"
0.03,1.07778e-06,9.15678e-06,3.546e-05,2e-08,"(21,1)","(0,0)"
0.03,3.26599e-08,4.47331e-05,2.98e-05,2e-08,"(22,1)","(0,0)"
0.03,1.66565e-06,1.97569e-05,3.682e-05,2e-08,"(23,1)","(0,0)"
0.03,3.26599e-08,2.70662e-05,1.292e-05,2e-08,"(24,1)","(0,0)"
0.03,3.26599e-08,4.06801e-05,3.522e-05,2e-08,"(25,1)","(0,0)"
0.03,1.92693e-06,2.54381e-05,1.858e-05,2e-08,"(26,1)","(0,0)"
0.03,3.26599e-08,1.54614e-05,1.758e-05,2e-08,"(27,1)","(0,0)"
0.03,1.46969e-06,4.05415e-05,2.586e-05,2e-08,"(28,1)","(0,0)"
0.03,3.26599e-08,4.3105e-05,1.598e-05,2e-08,"(29,1)","(0,0)"
0.03,3.26599e-08,1.00574e-05,3.134e-05,2e-08,"(30,1)","(0,0)"
0.03,3.26599e-08,1.41451e-05,2.522e-05,2e-08,"(31,1)","(0,0)"
0.03,1.30639e-06,1.76669e-05,4.06e-05,2e-08,"(32,1)","(0,0)"
0.03,3.26599e-08,1.70549e-05,1.786e-05,2e-08,"(33,1)","(0,0)"
0.03,3.26599e-08,1.77477e-05,1.722e-05,2e-08,"(34,1)","(0,0)"
0.03,1.99225e-06,2.44335e-05,2.08e-05,2e-08,"(35,1)","(0,0)"
0.03,1.89427e-06,3.12808e-05,2.042e-05,2e-08,"(36,1)","(0,0)"
0.03,3.26599e-08,2.82786e-05,2.106e-05,2e-08,"(37,1)","(0,0)"
0.03,3.26599e-08,2.57498e-05,4.02e-05,2e-08,"(38,1)","(0,0)"
0.03,1.86161e-06,1.67085e-05,2.63e-05,2e-08,"(39,1)","(0,0)"
0.03,3.26599e-08,4.36592e-05,2.242e-05,2e-08,"(40,1)","(0,0)"
0.03,3.26599e-08,3.94677e-05,1.116e-05,2e-08,"(41,1)","(0,0)"
0.03,8.16497e-07,7.25152e-06,3.552e-05,2e-08,"(42,1)","(0,0)"
0.03,3.26599e-08,3.36133e-05,1.382e-05,2e-08,"(43,1)","(0,0)"
0.03,2.28619e-07,9.74567e-06,8.6e-06,2e-08,"(44,1)","(0,0)"
0.03,1.73097e-06,2.03458e-05,3.544e-05,2e-08,"(45,1)","(0,0)"
0.03,3.26599e-08,9.12213e-06,3.888e-05,2e-08,"(46,1)","(0,0)"
0.03,3.26599e-08,3.79088e-05,1.338e-05,2e-08,"(47,1)","(0,0)"
0.03,3.26599e-08,3.73546e-05,2.534e-05,2e-08,"(48,1)","(0,0)"
0.03,3.26599e-08,2.36367e-05,1.646e-05,2e-08,"(49,1)","(0,0)"
0.03,3.26599e-08,3.09113e-05,8.94e-06,2e-08,"(50,1)","(0,0)"
0.03,3.26599e-08,3.91213e-05,4.116e-05,2e-08,"(51,1)","(0,0)"
0.03,1.79629e-06,2.98028e-05,3.386e-05,2e-08,"(52,1)","(0,0)"
0.03,4.24578e-07,1.76785e-05,4.26e-06,2e-08,"(53,1)","(0,0)"
0.03,3.26599e-08,1.2032e-05,2.036e-05,2e-08,"(54,1)","(0,0)"
0.03,2.02491e-06,2.31056e-05,2.498e-05,2e-08,"(55,1)","(0,0)"
0.03,3.26599e-08,2.4572e-05,3.26e-05,2e-08,"(56,1)","(0,0)"
0.03,1.1431e-06,1.07503e-05,3.71e-05,2e-08,"(57,1)","(0,0)"
0.03,3.26599e-08,4.07494e-05,2.986e-05,2e-08,"(58,1)","(0,0)"
0.03,3.26599e-08,2.54381e-05,4.286e-05,2e-08,"(59,1)","(0,0)"
0.03,1.40437e-06,3.14309e-05,1.02e-05,2e-08,"(60,1)","(0,0)"
0.03,3.26599e-08,2.20779e-05,3.708e-05,2e-08,"(61,1)","(0,0)"
0.03,3.26599e-08,1.35562e-05,3.324e-05,2e-08,"(62,1)","(0,0)"
0.03,3.26599e-08,3.58996e-05,4.094e-05,2e-08,"(63,1)","(0,0)"
0.03,1.37171e-06,4.16731e-05,2.398e-05,2e-08,"(64,1)","(0,0)"
0.03,3.26599e-08,1.84752e-05,1.824e-05,2e-08,"(65,1)","(0,0)"
0.03,3.26599e-08,2.39485e-05,6.12e-06,2e-08,"(66,1)","(0,0)"
0.03,3.26599e-08,3.16734e-05,1.85e-05,2e-08,"(67,1)","(0,0)"
0.03,3.26599e-08,4.02298e-05,3.612e-05,2e-08,"(68,1)","(0,0)"
0.03,3.26599e-08,4.07147e-05,9.84e-06,2e-08,"(69,1)","(0,0)"
0.03,3.26599e-08,1.9272e-05,3.902e-05,2e-08,"(70,1)","(0,0)"
0.03,3.26599e-08,1.53575e-05,2.136e-05,2e-08,"(71,1)","(0,0)"
0.03,3.26599e-08,1.14084e-05,8.84e-06,2e-08,"(72,1)","(0,0)"
0.03,3.26599e-08,3.00799e-05,3.422e-05,2e-08,"(73,1)","(0,0)"
0.03,9.79796e-07,3.45717e-05,4.224e-05,2e-08,"(74,1)","(0,0)"
0.03,5.55218e-07,4.72273e-06,1.75e-05,2e-08,"(75,1)","(0,0)"
0.03,3.26599e-08,9.08749e-06,2.466e-05,2e-08,"(76,1)","(0,0)"
0.03,1.37171e-06,4.04261e-05,3.05e-05,2e-08,"(77,1)","(0,0)"
0.03,3.26599e-08,2.83133e-05,3.204e-05,2e-08,"(78,1)","(0,0)"
0.03,3.26599e-08,4.28625e-05,1.148e-05,2e-08,"(79,1)","(0,0)"
0.03,3.26599e-08,8.74108e-06,2.458e-05,2e-08,"(80,1)","(0,0)"
0.03,3.26599e-07,1.17433e-05,4.286e-05,2e-08,"(81,1)","(0,0)"
0.03,1.66565e-06,2.56459e-05,1.21e-05,2e-08,"(82,1)","(0,0)"
0.03,3.26599e-08,4.10958e-05,2.95e-05,2e-08,"(83,1)","(0,0)"
0.03,3.26599e-08,1.69164e-05,8.18e-06,2e-08,"(84,1)","(0,0)"
0.03,3.26599e-08,1.7817e-05,3.174e-05,2e-08,"(85,1)","(0,0)"
0.03,3.26599e-08,2.20432e-05,3.714e-05,2e-08,"(86,1)","(0,0)"
0.03,9.14476e-07,7.86351e-06,3.558e-05,2e-08,"(87,1)","(0,0)"
0.03,3.26599e-08,1.77477e-05,3.694e-05,2e-08,"(88,1)","(0,0)"
0.03,9.14476e-07,2.8371e-05,4.478e-05,2e-08,"(89,1)","(0,0)"
0.03,3.26599e-08,3.79088e-05,9.06e-06,2e-08,"(90,1)","(0,0)"
0.03,1.69831e-06,1.28865e-05,2.532e-05,2e-08,"(91,1)","(0,0)"
0.03,3.26599e-08,4.48024e-05,3.084e-05,2e-08,"(92,1)","(0,0)"
0.03,3.26599e-08,8.87965e-06,1.114e-05,2e-08,"(93,1)","(0,0)"
0.03,3.26599e-08,2.71701e-05,2.61e-05,2e-08,"(94,1)","(0,0)"
0.03,1.95959e-06,2.79553e-05,2.886e-05,2e-08,"(95,1)","(0,0)"
0.03,3.26599e-08,1.93759e-05,9.52e-06,2e-08,"(96,1)","(0,0)"
0.03,3.26599e-08,1.36601e-05,3.974e-05,2e-08,"(97,1)","(0,0)"
0.03,3.26599e-08,2.03458e-05,5.4e-06,2e-08,"(98,1)","(0,0)"
0.03,9.79796e-07,1.07734e-05,1.126e-05,2e-08,"(99,1)","(0,0)"
0.03,3.26599e-08,6.00444e-06,1.884e-05,2e-08,"(100,1)","(0,0)"
0.03,1.89427e-06,2.03689e-05,1.828e-05,2e-08,"(101,1)","(0,0)"
0.03,7.83837e-07,4.25045e-05,3.626e-05,2e-08,"(102,1)","(0,0)"
0.03,1.56767e-06,3.7828e-05,3.104e-05,2e-08,"(103,1)","(0,0)"
0.03,3.26599e-08,2.98375e-05,1.384e-05,2e-08,"(104,1)","(0,0)"
0.03,3.26599e-08,4.3971e-05,3.468e-05,2e-08,"(105,1)","(0,0)"
0.03,3.26599e-08,2.92486e-05,1.254e-05,2e-08,"(106,1)","(0,0)"
0.03,3.26599e-08,3.16388e-06,2.996e-05,2e-08,"(107,1)","(0,0)"
0.03,7.18517e-07,3.88326e-05,4.098e-05,2e-08,"(108,1)","(0,0)"
0.03,1.43703e-06,1.64198e-05,1.172e-05,2e-08,"(109,1)","(0,0)"
0.03,1.86161e-06,3.08074e-05,1.82e-05,2e-08,"(110,1)","(0,0)"
0.03,3.26599e-08,1.43183e-05,3.94e-05,2e-08,"(111,1)","(0,0)"
0.03,3.26599e-08,3.48604e-05,1.394e-05,2e-08,"(112,1)","(0,0)"
0.03,1.99225e-06,2.57845e-05,2.234e-05,2e-08,"(113,1)","(0,0)"
0.03,1.27373e-06,1.04385e-05,1.556e-05,2e-08,"(114,1)","(0,0)"
0.03,1.30639e-06,1.43067e-05,1.162e-05,2e-08,"(115,1)","(0,0)"
0.03,1.43703e-06,1.07041e-05,3.186e-05,2e-08,"(116,1)","(0,0)"
0.03,3.26599e-08,4.165e-05,1.938e-05,2e-08,"(117,1)","(0,0)"
0.03,3.26599e-08,2.12465e-05,3.1e-05,2e-08,"(118,1)","(0,0)"
0.03,6.85857e-07,4.07494e-05,3.93e-05,2e-08,"(119,1)","(0,0)"
0.03,3.26599e-08,2.57152e-05,2.542e-05,2e-08,"(120,1)","(0,0)"
0.03,3.26599e-08,1.6466e-05,3.608e-05,2e-08,"(121,1)","(0,0)"
0.03,3.26599e-08,2.03805e-05,3.714e-05,2e-08,"(122,1)","(0,0)"
0.03,1.89427e-06,1.99532e-05,1.972e-05,2e-08,"(123,1)","(0,0)"
0.03,3.26599e-08,1.68124e-05,9.44e-06,2e-08,"(124,1)","(0,0)"
0.03,3.26599e-08,1.16509e-05,1.554e-05,2e-08,"(125,1)","(0,0)"
0.03,4.89898e-07,3.68349e-06,2.01e-05,2e-08,"(126,1)","(0,0)"
0.03,3.26599e-07,1.5242e-05,4.5e-05,2e-08,"(127,1)","(0,0)"
0.03,1.01246e-06,5.86588e-06,2.156e-05,2e-08,"(128,1)","(0,0)"
0.03,1.30639e-06,3.98025e-05,3.366e-05,2e-08,"(129,1)","(0,0)"
0.03,1.73097e-06,1.33483e-05,2.432e-05,2e-08,"(130,1)","(0,0)"
0.03,3.26599e-08,2.7759e-05,4.688e-05,2e-08,"(131,1)","(0,0)"
0.03,3.26599e-08,3.79435e-05,2.964e-05,2e-08,"(132,1)","(0,0)"
0.03,3.26599e-08,6.83583e-06,2.644e-05,2e-08,"(133,1)","(0,0)"
0.03,3.26599e-08,3.52415e-05,3.228e-05,2e-08,"(134,1)","(0,0)"
0.03,6.85857e-07,3.02878e-05,4.42e-06,2e-08,"(135,1)","(0,0)"
0.03,1.63299e-06,1.74244e-05,3.598e-05,2e-08,"(136,1)","(0,0)"
0.03,3.26599e-08,1.56693e-05,1.118e-05,2e-08,"(137,1)","(0,0)"
0.03,1.17576e-06,7.58638e-06,3.07e-05,2e-08,"(138,1)","(0,0)"
0.03,3.91918e-07,3.2909e-05,4.564e-05,2e-08,"(139,1)","(0,0)"
0.03,3.26599e-08,2.76551e-05,2.318e-05,2e-08,"(140,1)","(0,0)"
0.03,3.26599e-08,2.69969e-05,2.504e-05,2e-08,"(141,1)","(0,0)"
0.03,3.26599e-08,3.20891e-05,4.14e-06,2e-08,"(142,1)","(0,0)"
0.03,3.26599e-08,4.3486e-05,2.28e-05,2e-08,"(143,1)","(0,0)"
0.03,3.26599e-08,3.14656e-05,2.334e-05,2e-08,"(144,1)","(0,0)"
0.03,3.26599e-08,9.39926e-06,1.672e-05,2e-08,"(145,1)","(0,0)"
0.03,1.89427e-06,2.47683e-05,1.686e-05,2e-08,"(146,1)","(0,0)"
0.03,1.76363e-06,1.42721e-05,2.732e-05,2e-08,"(147,1)","(0,0)"
0.03,3.26599e-08,4.15808e-05,1.494e-05,2e-08,"(148,1)","(0,0)"
0.03,1.76363e-06,3.14194e-05,3.362e-05,2e-08,"(149,1)","(0,0)"
0.03,9.79796e-07,4.30588e-05,3.29e-05,2e-08,"(150,1)","(0,0)"
0.03,1.27373e-06,2.56805e-05,4.26e-05,2e-08,"(151,1)","(0,0)"
0.03,1.86161e-06,2.77244e-05,1.694e-05,2e-08,"(152,1)","(0,0)"
0.03,3.26599e-08,3.91559e-05,2.326e-05,2e-08,"(153,1)","(0,0)"
0.03,3.26599e-08,1.97569e-05,4.26e-06,2e-08,"(154,1)","(0,0)"
0.03,8.49156e-07,1.65238e-05,4.366e-05,2e-08,"(155,1)","(0,0)"
0.03,3.26599e-08,3.79435e-05,2.64e-05,2e-08,"(156,1)","(0,0)"
0.03,3.26599e-08,3.7597e-05,4.068e-05,2e-08,"(157,1)","(0,0)"
0.03,3.26599e-08,1.48033e-05,1.712e-05,2e-08,"(158,1)","(0,0)"
0.03,1.50235e-06,3.89711e-05,1.97e-05,2e-08,"(159,1)","(0,0)"
0.03,1.92693e-06,2.38446e-05,1.878e-05,2e-08,"(160,1)","(0,0)"
0.03,1.17576e-06,6.89356e-06,2.726e-05,2e-08,"(161,1)","(0,0)"
0.03,1.79629e-06,3.40983e-05,2.086e-05,2e-08,"(162,1)","(0,0)"
0.03,1.73097e-06,2.11426e-05,1.438e-05,2e-08,"(163,1)","(0,0)"
0.03,3.26599e-08,1.19973e-05,2.574e-05,2e-08,"(164,1)","(0,0)"
0.03,1.20841e-06,2.86943e-05,7.42e-06,2e-08,"(165,1)","(0,0)"
0.03,1.40437e-06,4.08533e-05,2.256e-05,2e-08,"(166,1)","(0,0)"
0.03,3.26599e-08,2.27707e-05,2.272e-05,2e-08,"(167,1)","(0,0)"
0.03,1.99225e-06,2.08308e-05,2.396e-05,2e-08,"(168,1)","(0,0)"
0.03,6.20537e-07,3.54493e-06,2.43e-05,2e-08,"(169,1)","(0,0)"
0.03,1.07778e-06,5.90052e-06,2.314e-05,2e-08,"(170,1)","(0,0)"
0.03,1.86161e-06,1.84406e-05,1.978e-05,2e-08,"(171,1)","(0,0)"
0.03,7.51177e-07,2.97335e-05,4.62e-06,2e-08,"(172,1)","(0,0)"
0.03,1.73097e-06,2.53341e-05,3.668e-05,2e-08,"(173,1)","(0,0)"
0.03,3.26599e-08,1.95837e-05,4.536e-05,2e-08,"(174,1)","(0,0)"
0.03,3.91918e-07,3.89019e-05,4.222e-05,2e-08,"(175,1)","(0,0)"
0.03,1.63299e-06,1.16394e-05,2.388e-05,2e-08,"(176,1)","(0,0)"
0.03,1.30639e-06,2.5184e-05,4.226e-05,2e-08,"(177,1)","(0,0)"
0.03,8.81816e-07,1.14777e-05,4.008e-05,2e-08,"(178,1)","(0,0)"
0.03,1.63299e-06,2.89252e-05,1.258e-05,2e-08,"(179,1)","(0,0)"
0.03,1.73097e-06,2.52995e-05,3.686e-05,2e-08,"(180,1)","(0,0)"
0.03,1.43703e-06,9.11059e-06,2.346e-05,2e-08,"(181,1)","(0,0)"
0.03,3.26599e-08,1.94452e-05,7.52e-06,2e-08,"(182,1)","(0,0)"
0.03,3.26599e-08,2.08654e-05,2.918e-05,2e-08,"(183,1)","(0,0)"
0.03,2.28619e-07,2.1489e-05,2.9e-06,2e-08,"(184,1)","(0,0)"
0.03,1.82895e-06,1.54499e-05,2.44e-05,2e-08,"(185,1)","(0,0)"
0.03,3.26599e-08,7.39008e-06,3.112e-05,2e-08,"(186,1)","(0,0)"
0.03,3.26599e-08,3.62114e-05,2.092e-05,2e-08,"(187,1)","(0,0)"
0.03,3.26599e-08,3.79781e-05,3.982e-05,2e-08,"(188,1)","(0,0)"
0.03,1.89427e-06,1.70087e-05,2.67e-05,2e-08,"(189,1)","(0,0)"
0.03,3.26599e-08,2.8244e-05,2.044e-05,2e-08,"(190,1)","(0,0)"
0.03,3.26599e-08,1.4249e-05,2.056e-05,2e-08,"(191,1)","(0,0)"
0.03,3.26599e-08,4.5322e-05,1.91e-05,2e-08,"(192,1)","(0,0)"
0.03,1.56767e-06,2.83017e-05,1.138e-05,2e-08,"(193,1)","(0,0)"
0.03,8.81816e-07,9.12213e-06,1.248e-05,2e-08,"(194,1)","(0,0)"
0.03,1.86161e-06,1.82327e-05,2.03e-05,2e-08,"(195,1)","(0,0)"
0.03,3.26599e-08,2.84518e-05,1.684e-05,2e-08,"(196,1)","(0,0)"
0.03,1.86161e-06,3.00107e-05,3.186e-05,2e-08,"(197,1)","(0,0)"
0.03,1.69831e-06,2.67775e-05,3.734e-05,2e-08,"(198,1)","(0,0)"
0.03,1.1431e-06,3.05303e-05,7.32e-06,2e-08,"(199,1)","(0,0)"
0.03,3.26599e-08,2.22857e-05,2.932e-05,2e-08,"(200,1)","(0,0)"
0.03,3.26599e-08,1.01267e-05,2.394e-05,2e-08,"(201,1)","(0,0)"
0.03,1.43703e-06,1.07041e-05,3.138e-05,2e-08,"(202,1)","(0,0)"
0.03,2.28619e-07,2.60962e-06,2.504e-05,2e-08,"(203,1)","(0,0)"
0.03,3.26599e-08,1.5115e-05,4.194e-05,2e-08,"(204,1)","(0,0)"
0.03,3.26599e-08,2.31171e-05,2.624e-05,2e-08,"(205,1)","(0,0)"
0.03,1.82895e-06,1.92604e-05,1.784e-05,2e-08,"(206,1)","(0,0)"
0.03,3.26599e-08,1.30019e-05,8.32e-06,2e-08,"(207,1)","(0,0)"
0.03,3.26599e-08,1.96184e-05,8.86e-06,2e-08,"(208,1)","(0,0)"
0.03,1.53501e-06,2.81747e-05,3.932e-05,2e-08,"(209,1)","(0,0)"
0.03,3.26599e-08,1.26902e-05,1.73e-05,2e-08,"(210,1)","(0,0)"
0.03,3.26599e-08,3.52415e-05,2.452e-05,2e-08,"(211,1)","(0,0)"
0.03,3.26599e-08,2.93178e-05,3.186e-05,2e-08,"(212,1)","(0,0)"
0.03,1.63299e-06,3.47449e-05,3.394e-05,2e-08,"(213,1)","(0,0)"
0.03,7.83837e-07,7.82887e-06,3.684e-05,2e-08,"(214,1)","(0,0)"
0.03,3.26599e-08,3.6731e-05,2.346e-05,2e-08,"(215,1)","(0,0)"
0.03,3.26599e-08,1.4249e-05,2.784e-05,2e-08,"(216,1)","(0,0)"
0.03,3.26599e-08,2.66505e-05,3.528e-05,2e-08,"(217,1)","(0,0)"
0.03,3.26599e-08,1.08542e-05,2.872e-05,2e-08,"(218,1)","(0,0)"
0.03,1.60033e-06,1.70203e-05,3.612e-05,2e-08,"(219,1)","(0,0)"
0.03,6.85857e-07,5.31162e-06,3.292e-05,2e-08,"(220,1)","(0,0)"
0.03,3.26599e-08,1.39372e-05,3.674e-05,2e-08,"(221,1)","(0,0)"
0.03,3.26599e-08,4.19965e-05,3.554e-05,2e-08,"(222,1)","(0,0)"
0.03,3.26599e-08,1.6466e-05,1.488e-05,2e-08,"(223,1)","(0,0)"
0.03,1.89427e-06,3.14194e-05,2.002e-05,2e-08,"(224,1)","(0,0)"
0.03,3.26599e-08,4.03337e-05,3.854e-05,2e-08,"(225,1)","(0,0)"
0.03,9.14476e-07,5.47328e-06,3.016e-05,2e-08,"(226,1)","(0,0)"
0.03,1.1431e-06,3.39597e-05,4.138e-05,2e-08,"(227,1)","(0,0)"
0.03,5.55218e-07,3.62807e-05,6.52e-06,2e-08,"(228,1)","(0,0)"
0.03,7.83837e-07,1.90526e-05,4.484e-05,2e-08,"(229,1)","(0,0)"
0.03,3.26599e-08,4.68808e-05,1.996e-05,2e-08,"(230,1)","(0,0)"
0.03,1.24107e-06,3.46757e-05,1.006e-05,2e-08,"(231,1)","(0,0)"
0.03,1.1431e-06,3.64193e-05,3.972e-05,2e-08,"(232,1)","(0,0)"
0.03,1.86161e-06,3.3648e-05,2.448e-05,2e-08,"(233,1)","(0,0)"
0.03,3.26599e-08,3.68003e-05,3.486e-05,2e-08,"(234,1)","(0,0)"
0.03,3.26599e-08,3.63846e-05,1.318e-05,2e-08,"(235,1)","(0,0)"
0.03,3.26599e-08,2.84865e-05,1.142e-05,2e-08,"(236,1)","(0,0)"
0.03,3.26599e-08,3.43062e-05,6.58e-06,2e-08,"(237,1)","(0,0)"
0.03,3.26599e-08,4.65344e-05,2.644e-05,2e-08,"(238,1)","(0,0)"
0.03,1.50235e-06,3.67888e-05,3.428e-05,2e-08,"(239,1)","(0,0)"
0.03,3.26599e-08,1.94452e-05,6.36e-06,2e-08,"(240,1)","(0,0)"
0.03,1.63299e-06,1.24361e-05,2.006e-05,2e-08,"(241,1)","(0,0)"
0.03,3.26599e-08,3.54493e-05,2.172e-05,2e-08,"(242,1)","(0,0)"
0.03,3.26599e-08,3.82206e-05,3.356e-05,2e-08,"(243,1)","(0,0)"
0.03,7.83837e-07,7.06677e-06,1.464e-05,2e-08,"(244,1)","(0,0)"
0.03,6.53197e-08,2.94449e-06,2.054e-05,2e-08,"(245,1)","(0,0)"
0.03,3.26599e-08,4.62227e-05,2.95e-05,2e-08,"(246,1)","(0,0)"
0.03,1.17576e-06,6.82428e-06,2.606e-05,2e-08,"(247,1)","(0,0)"
0.03,3.26599e-08,1.11313e-05,1.792e-05,2e-08,"(248,1)","(0,0)"
0.03,3.26599e-08,2.16968e-05,1.674e-05,2e-08,"(249,1)","(0,0)"
0.03,1.60033e-06,3.87056e-05,2.408e-05,2e-08,"(250,1)","(0,0)"
0.03,3.26599e-08,2.22511e-05,4.554e-05,2e-08,"(251,1)","(0,0)"
0.03,1.56767e-06,1.54499e-05,3.544e-05,2e-08,"(252,1)","(0,0)"
0.03,3.26599e-08,1.43529e-05,4.166e-05,2e-08,"(253,1)","(0,0)"
0.03,1.46969e-06,3.71814e-05,3.444e-05,2e-08,"(254,1)","(0,0)"
0.03,1.40437e-06,9.71103e-06,3.062e-05,2e-08,"(255,1)","(0,0)"
0.03,8.49156e-07,1.47571e-05,4.272e-05,2e-08,"(256,1)","(0,0)"
0.03,3.26599e-08,3.25048e-05,2.086e-05,2e-08,"(257,1)","(0,0)"
0.03,1.07778e-06,1.37294e-05,4.034e-05,2e-08,"(258,1)","(0,0)"
0.03,1.27373e-06,4.13036e-05,3.106e-05,2e-08,"(259,1)","(0,0)"
0.03,3.26599e-08,1.44222e-05,7.82e-06,2e-08,"(260,1)","(0,0)"
0.03,1.43703e-06,2.38677e-05,4.062e-05,2e-08,"(261,1)","(0,0)"
0.03,2.93939e-07,4.64651e-05,1.888e-05,2e-08,"(262,1)","(0,0)"
0.03,1.53501e-06,3.16388e-05,3.828e-05,2e-08,"(263,1)","(0,0)"
0.03,3.26599e-08,3.53107e-05,2.908e-05,2e-08,"(264,1)","(0,0)"
0.03,3.26599e-08,1.28287e-05,1.974e-05,2e-08,"(265,1)","(0,0)"
0.03,3.26599e-08,1.60157e-05,7.26e-06,2e-08,"(266,1)","(0,0)"
0.03,1.95959e-06,2.81285e-05,2.144e-05,2e-08,"(267,1)","(0,0)"
0.03,3.26599e-08,1.4734e-05,3.588e-05,2e-08,"(268,1)","(0,0)"
0.03,1.53501e-06,2.96643e-05,1.122e-05,2e-08,"(269,1)","(0,0)"
0.03,3.26599e-08,1.67085e-05,7.34e-06,2e-08,"(270,1)","(0,0)"
0.03,3.26599e-08,3.68003e-05,2.338e-05,2e-08,"(271,1)","(0,0)"
0.03,1.86161e-06,2.74472e-05,1.65e-05,2e-08,"(272,1)","(0,0)"
0.03,1.07778e-06,3.97794e-05,1.29e-05,2e-08,"(273,1)","(0,0)"
0.03,1.53501e-06,2.3706e-05,3.966e-05,2e-08,"(274,1)","(0,0)"
0.03,1.86161e-06,3.28512e-05,2.054e-05,2e-08,"(275,1)","(0,0)"
0.03,3.26599e-08,4.68116e-05,2.072e-05,2e-08,"(276,1)","(0,0)"
0.03,3.26599e-08,2.21818e-05,2.322e-05,2e-08,"(277,1)","(0,0)"
0.03,3.26599e-08,3.67657e-05,3.696e-05,2e-08,"(278,1)","(0,0)"
0.03,3.26599e-08,3.80474e-05,3.958e-05,2e-08,"(279,1)","(0,0)"
0.03,3.26599e-08,2.75165e-05,1.03e-05,2e-08,"(280,1)","(0,0)"
0.03,1.30639e-06,1.35793e-05,1.216e-05,2e-08,"(281,1)","(0,0)"
0.03,3.26599e-08,2.22857e-05,1.388e-05,2e-08,"(282,1)","(0,0)"
0.03,3.26599e-08,2.10386e-05,1.224e-05,2e-08,"(283,1)","(0,0)"
0.03,1.53501e-06,3.42369e-05,3.618e-05,2e-08,"(284,1)","(0,0)"
0.03,4.89898e-07,3.57957e-05,4.4e-05,2e-08,"(285,1)","(0,0)"
0.03,1.33905e-06,3.25395e-05,1.008e-05,2e-08,"(286,1)","(0,0)"
0.03,3.26599e-08,2.99414e-05,3.494e-05,2e-08,"(287,1)","(0,0)"
0.03,1.79629e-06,2.71008e-05,1.478e-05,2e-08,"(288,1)","(0,0)"
0.03,1.63299e-06,3.83822e-05,2.612e-05,2e-08,"(289,1)","(0,0)"
0.03,1.53501e-06,2.34289e-05,3.95e-05,2e-08,"(290,1)","(0,0)"
0.03,1.40437e-06,3.84977e-05,1.608e-05,2e-08,"(291,1)","(0,0)"
0.03,3.26599e-08,4.62919e-05,3.114e-05,2e-08,"(292,1)","(0,0)"
0.03,1.63299e-06,1.52767e-05,1.622e-05,2e-08,"(293,1)","(0,0)"
0.03,1.27373e-06,3.39944e-05,9.8e-06,2e-08,"(294,1)","(0,0)"
0.03,3.26599e-08,2.21472e-05,2.376e-05,2e-08,"(295,1)","(0,0)"
0.03,4.89898e-07,3.33708e-06,2.166e-05,2e-08,"(296,1)","(0,0)"
0.03,3.26599e-08,3.13617e-05,1.456e-05,2e-08,"(297,1)","(0,0)"
0.03,3.26599e-08,4.51142e-05,1.518e-05,2e-08,"(298,1)","(0,0)"
0.03,8.49156e-07,2.09578e-05,4.502e-05,2e-08,"(299,1)","(0,0)"
0.03,1.30639e-06,3.07612e-05,8.84e-06,2e-08,"(300,1)","(0,0)"
0.03,3.26599e-08,1.9653e-05,1.36e-05,2e-08,"(301,1)","(0,0)"
0.03,1.40437e-06,2.6893e-05,8.86e-06,2e-08,"(302,1)","(0,0)"
0.03,1.11044e-06,8.106e-06,1.68e-05,2e-08,"(303,1)","(0,0)"
0.03,3.26599e-08,2.38099e-05,4.056e-05,2e-08,"(304,1)","(0,0)"
0.03,1.53501e-06,1.01614e-05,2.604e-05,2e-08,"(305,1)","(0,0)"
0.03,1.95959e-06,2.05768e-05,2.812e-05,2e-08,"(306,1)","(0,0)"
0.03,1.79629e-06,2.44681e-05,1.51e-05,2e-08,"(307,1)","(0,0)"
0.03,3.26599e-08,2.15583e-05,3.402e-05,2e-08,"(308,1)","(0,0)"
0.03,3.26599e-08,1.24823e-05,2.226e-05,2e-08,"(309,1)","(0,0)"
0.03,3.26599e-08,1.40065e-05,1.81e-05,2e-08,"(310,1)","(0,0)"
0.03,3.26599e-08,1.84752e-05,3.72e-05,2e-08,"(311,1)","(0,0)"
0.03,3.26599e-08,1.8302e-05,4.134e-05,2e-08,"(312,1)","(0,0)"
0.03,1.33905e-06,2.1974e-05,8.5e-06,2e-08,"(313,1)","(0,0)"
0.03,4.89898e-07,3.20545e-05,4.32e-06,2e-08,"(314,1)","(0,0)"
0.03,4.57238e-07,3.35671e-05,4.526e-05,2e-08,"(315,1)","(0,0)"
0.03,3.26599e-08,3.53107e-05,4.008e-05,2e-08,"(316,1)","(0,0)"
0.03,3.26599e-08,1.74013e-05,8.38e-06,2e-08,"(317,1)","(0,0)"
0.03,3.26599e-08,4.55298e-05,2.386e-05,2e-08,"(318,1)","(0,0)"
0.03,3.26599e-08,3.04956e-05,2.482e-05,2e-08,"(319,1)","(0,0)"
0.03,1.89427e-06,2.07846e-05,1.884e-05,2e-08,"(320,1)","(0,0)"
0.03,1.56767e-06,2.90638e-05,1.138e-05,2e-08,"(321,1)","(0,0)"
0.03,3.26599e-08,3.04264e-05,6.74e-06,2e-08,"(322,1)","(0,0)"
0.03,7.83837e-07,5.12687e-06,1.904e-05,2e-08,"(323,1)","(0,0)"
0.03,3.26599e-08,1.657e-05,4.422e-05,2e-08,"(324,1)","(0,0)"
0.03,3.26599e-08,2.90061e-05,4.06e-05,2e-08,"(325,1)","(0,0)"
0.03,1.69831e-06,2.48722e-05,1.288e-05,2e-08,"(326,1)","(0,0)"
0.03,1.82895e-06,2.93063e-05,3.384e-05,2e-08,"(327,1)","(0,0)"
0.03,1.17576e-06,3.43292e-05,4.09e-05,2e-08,"(328,1)","(0,0)"
0.03,8.16497e-07,1.65353e-05,4.376e-05,2e-08,"(329,1)","(0,0)"
0.03,1.60033e-06,1.45608e-05,1.638e-05,2e-08,"(330,1)","(0,0)"
0.03,3.26599e-08,2.3325e-05,3.432e-05,2e-08,"(331,1)","(0,0)"
0.03,1.46969e-06,9.74567e-06,2.588e-05,2e-08,"(332,1)","(0,0)"
0.03,1.89427e-06,2.08193e-05,1.85e-05,2e-08,"(333,1)","(0,0)"
0.03,1.92693e-06,2.96989e-05,2.004e-05,2e-08,"(334,1)","(0,0)"
0.03,7.83837e-07,2.94795e-05,4.78e-06,2e-08,"(335,1)","(0,0)"
0.03,1.66565e-06,2.97682e-05,1.344e-05,2e-08,"(336,1)","(0,0)"
0.03,3.26599e-08,3.70082e-05,2.39e-05,2e-08,"(337,1)","(0,0)"
0.03,1.33905e-06,1.53575e-05,3.896e-05,2e-08,"(338,1)","(0,0)"
0.03,5.22558e-07,4.60379e-05,1.954e-05,2e-08,"(339,1)","(0,0)"
0.03,1.40437e-06,1.02999e-05,3.204e-05,2e-08,"(340,1)","(0,0)"
0.03,1.63299e-06,3.26318e-05,3.6e-05,2e-08,"(341,1)","(0,0)"
0.03,1.79629e-06,1.96876e-05,1.618e-05,2e-08,"(342,1)","(0,0)"
0.03,3.26599e-08,1.41797e-05,2.704e-05,2e-08,"(343,1)","(0,0)"
0.03,3.26599e-08,4.40403e-05,1.496e-05,2e-08,"(344,1)","(0,0)"
0.03,3.26599e-08,3.10845e-05,3.404e-05,2e-08,"(345,1)","(0,0)"
0.03,3.26599e-08,1.93759e-05,3.12e-05,2e-08,"(346,1)","(0,0)"
0.03,1.50235e-06,1.19165e-05,3.232e-05,2e-08,"(347,1)","(0,0)"
0.03,3.26599e-08,2.79668e-05,8.84e-06,2e-08,"(348,1)","(0,0)"
0.03,1.01246e-06,4.36246e-05,1.94e-05,2e-08,"(349,1)","(0,0)"
0.03,1.33905e-06,1.78863e-05,4.018e-05,2e-08,"(350,1)","(0,0)"
0.03,1.60033e-06,1.13392e-05,2.5e-05,2e-08,"(351,1)","(0,0)"
0.03,9.47136e-07,2.37753e-05,5.22e-06,2e-08,"(352,1)","(0,0)"
0.03,3.26599e-08,4.41788e-05,3.668e-05,2e-08,"(353,1)","(0,0)"
0.03,3.26599e-08,1.44569e-05,1.044e-05,2e-08,"(354,1)","(0,0)"
0.03,1.40437e-06,1.00574e-05,1.918e-05,2e-08,"(355,1)","(0,0)"
0.03,1.86161e-06,1.95144e-05,3.212e-05,2e-08,"(356,1)","(0,0)"
0.03,1.04512e-06,9.31843e-06,1.378e-05,2e-08,"(357,1)","(0,0)"
0.03,1.46969e-06,3.89134e-05,1.824e-05,2e-08,"(358,1)","(0,0)"
0.03,1.82895e-06,1.73898e-05,3.112e-05,2e-08,"(359,1)","(0,0)"
0.03,3.26599e-08,3.73546e-05,1.838e-05,2e-08,"(360,1)","(0,0)"
0.03,1.86161e-06,2.13158e-05,1.736e-05,2e-08,"(361,1)","(0,0)"
0.03,1.82895e-06,1.93643e-05,1.742e-05,2e-08,"(362,1)","(0,0)"
0.03,1.56767e-06,1.11198e-05,2.15e-05,2e-08,"(363,1)","(0,0)"
0.03,1.40437e-06,4.06455e-05,2.04e-05,2e-08,"(364,1)","(0,0)"
0.03,1.56767e-06,3.92483e-05,2.354e-05,2e-08,"(365,1)","(0,0)"
0.03,1.95959e-06,1.91218e-05,2.54e-05,2e-08,"(366,1)","(0,0)"
0.03,3.26599e-08,2.63734e-05,3.132e-05,2e-08,"(367,1)","(0,0)"
0.03,1.69831e-06,3.70659e-05,2.784e-05,2e-08,"(368,1)","(0,0)"
0.03,1.86161e-06,2.94218e-05,3.224e-05,2e-08,"(369,1)","(0,0)"
0.03,1.92693e-06,3.20198e-05,2.41e-05,2e-08,"(370,1)","(0,0)"
0.03,3.26599e-08,1.89255e-05,1.986e-05,2e-08,"(371,1)","(0,0)"
0.03,3.26599e-08,1.95144e-05,1.452e-05,2e-08,"(372,1)","(0,0)"
0.03,1.43703e-06,1.89486e-05,3.954e-05,2e-08,"(373,1)","(0,0)"
0.03,3.26599e-08,3.92598e-06,2.924e-05,2e-08,"(374,1)","(0,0)"
0.03,3.26599e-08,3.62114e-05,2.084e-05,2e-08,"(375,1)","(0,0)"
0.03,3.26599e-07,4.15692e-06,1.728e-05,2e-08,"(376,1)","(0,0)"
0.03,1.63299e-06,3.75855e-05,2.966e-05,2e-08,"(377,1)","(0,0)"
0.03,1.79629e-06,2.28746e-05,1.482e-05,2e-08,"(378,1)","(0,0)"
0.03,3.26599e-08,1.72281e-05,2.716e-05,2e-08,"(379,1)","(0,0)"
0.03,7.83837e-07,3.16272e-05,4.47e-05,2e-08,"(380,1)","(0,0)"
0.03,3.26599e-08,3.7597e-05,3.928e-05,2e-08,"(381,1)","(0,0)"
0.03,3.26599e-08,3.47565e-05,2.692e-05,2e-08,"(382,1)","(0,0)"
0.03,1.99225e-06,2.13851e-05,2.744e-05,2e-08,"(383,1)","(0,0)"
0.03,3.26599e-08,4.10958e-05,2.358e-05,2e-08,"(384,1)","(0,0)"
0.03,1.66565e-06,2.91446e-05,3.684e-05,2e-08,"(385,1)","(0,0)"
0.03,3.26599e-08,3.31976e-05,4.09e-05,2e-08,"(386,1)","(0,0)"
0.03,3.26599e-08,1.88216e-05,1.852e-05,2e-08,"(387,1)","(0,0)"
0.03,3.26599e-08,2.94564e-05,3.03e-05,2e-08,"(388,1)","(0,0)"
0.03,3.26599e-08,1.75053e-05,1.384e-05,2e-08,"(389,1)","(0,0)"
0.03,3.26599e-08,1.63967e-05,4.476e-05,2e-08,"(390,1)","(0,0)"
0.03,1.60033e-06,1.2517e-05,3.12e-05,2e-08,"(391,1)","(0,0)"
0.03,1.24107e-06,3.75509e-05,1.232e-05,2e-08,"(392,1)","(0,0)"
0.03,9.47136e-07,4.47677e-05,2.338e-05,2e-08,"(393,1)","(0,0)"
0.03,1.63299e-07,7.52865e-06,3.908e-05,2e-08,"(394,1)","(0,0)"
0.03,1.53501e-06,2.3221e-05,3.97e-05,2e-08,"(395,1)","(0,0)"
0.03,3.26599e-08,3.21931e-05,1.432e-05,2e-08,"(396,1)","(0,0)"
0.03,3.26599e-08,2.68237e-05,5.82e-06,2e-08,"(397,1)","(0,0)"
0.03,3.26599e-08,1.33137e-05,8.54e-06,2e-08,"(398,1)","(0,0)"
0.03,3.26599e-08,9.32998e-06,2.404e-05,2e-08,"(399,1)","(0,0)"
0.03,8.81816e-07,4.09226e-05,3.756e-05,2e-08,"(400,1)","(0,0)"
0.03,3.26599e-08,2.02073e-05,1.2e-05,2e-08,"(401,1)","(0,0)"
0.03,6.20537e-07,1.02653e-05,9.38e-06,2e-08,"(402,1)","(0,0)"
0.03,1.50235e-06,4.00104e-05,2.382e-05,2e-08,"(403,1)","(0,0)"
0.03,1.79629e-06,1.59811e-05,2.016e-05,2e-08,"(404,1)","(0,0)"
0.03,3.26599e-08,3.4999e-05,2.258e-05,2e-08,"(405,1)","(0,0)"
0.03,1.73097e-06,2.72047e-05,1.372e-05,2e-08,"(406,1)","(0,0)"
0.03,3.26599e-08,3.77703e-05,3.834e-05,2e-08,"(407,1)","(0,0)"
0.03,1.89427e-06,3.29782e-05,2.46e-05,2e-08,"(408,1)","(0,0)"
0.03,1.37171e-06,2.40409e-05,4.152e-05,2e-08,"(409,1)","(0,0)"
0.03,1.79629e-06,3.12231e-05,1.664e-05,2e-08,"(410,1)","(0,0)"
0.03,3.26599e-08,3.24009e-05,3.236e-05,2e-08,"(411,1)","(0,0)"
0.03,3.26599e-08,1.98262e-05,1.198e-05,2e-08,"(412,1)","(0,0)"
0.03,4.24578e-07,4.49756e-05,1.566e-05,2e-08,"(413,1)","(0,0)"
0.03,1.43703e-06,3.53685e-05,1.282e-05,2e-08,"(414,1)","(0,0)"
0.03,1.01246e-06,4.01605e-05,3.732e-05,2e-08,"(415,1)","(0,0)"
0.03,3.26599e-08,4.23775e-06,2.93e-05,2e-08,"(416,1)","(0,0)"
0.03,3.26599e-08,1.59811e-05,1.876e-05,2e-08,"(417,1)","(0,0)"
0.03,7.18517e-07,3.80358e-05,4.16e-05,2e-08,"(418,1)","(0,0)"
0.03,1.82895e-06,1.57963e-05,2.336e-05,2e-08,"(419,1)","(0,0)"
0.03,1.63299e-06,2.44912e-05,3.842e-05,2e-08,"(420,1)","(0,0)"
0.03,1.95959e-06,2.83364e-05,2.9e-05,2e-08,"(421,1)","(0,0)"
0.03,3.26599e-08,7.21688e-06,2.93e-05,2e-08,"(422,1)","(0,0)"
0.03,3.26599e-08,2.6027e-05,1.676e-05,2e-08,"(423,1)","(0,0)"
0.03,1.30639e-06,3.14194e-05,4.094e-05,2e-08,"(424,1)","(0,0)"
0.03,3.26599e-08,3.18813e-05,2.878e-05,2e-08,"(425,1)","(0,0)"
0.03,1.92693e-06,2.84172e-05,3.014e-05,2e-08,"(426,1)","(0,0)"
0.03,3.26599e-08,2.75165e-05,3.478e-05,2e-08,"(427,1)","(0,0)"
0.03,3.26599e-08,1.9272e-05,4.074e-05,2e-08,"(428,1)","(0,0)"
0.03,3.26599e-08,4.33128e-05,1.922e-05,2e-08,"(429,1)","(0,0)"
0.03,3.26599e-08,5.9698e-06,2.334e-05,2e-08,"(430,1)","(0,0)"
0.03,3.26599e-08,2.43642e-05,1.064e-05,2e-08,"(431,1)","(0,0)"
0.03,3.26599e-08,3.02532e-05,7.84e-06,2e-08,"(432,1)","(0,0)"
0.03,3.26599e-08,1.99994e-05,1.08e-05,2e-08,"(433,1)","(0,0)"
0.03,3.26599e-08,9.8496e-06,1.538e-05,2e-08,"(434,1)","(0,0)"
0.03,3.26599e-08,1.27594e-05,1.258e-05,2e-08,"(435,1)","(0,0)"
0.03,3.26599e-08,7.66721e-06,3.88e-05,2e-08,"(436,1)","(0,0)"
0.03,3.26599e-08,2.2355e-05,1.78e-05,2e-08,"(437,1)","(0,0)"
0.03,3.26599e-08,2.0138e-05,3.96e-05,2e-08,"(438,1)","(0,0)"
0.03,3.26599e-08,3.11192e-05,3.54e-06,2e-08,"(439,1)","(0,0)"
0.03,1.27373e-06,9.91888e-06,3.418e-05,2e-08,"(440,1)","(0,0)"
0.03,3.26599e-08,1.81634e-05,3.006e-05,2e-08,"(441,1)","(0,0)"
0.03,3.26599e-08,3.53107e-05,3.12e-05,2e-08,"(442,1)","(0,0)"
0.03,1.50235e-06,9.83805e-06,2.5e-05,2e-08,"(443,1)","(0,0)"
0.03,1.82895e-06,1.85329e-05,1.806e-05,2e-08,"(444,1)","(0,0)"
0.03,1.56767e-06,1.07387e-05,2.588e-05,2e-08,"(445,1)","(0,0)"
0.03,3.26599e-08,3.6731e-05,3.498e-05,2e-08,"(446,1)","(0,0)"
0.03,3.26599e-08,8.32539e-06,1.71e-05,2e-08,"(447,1)","(0,0)"
0.03,3.26599e-08,2.25975e-05,1.058e-05,2e-08,"(448,1)","(0,0)"
0.03,3.26599e-08,3.36133e-05,2.346e-05,2e-08,"(449,1)","(0,0)"
0.03,1.24107e-06,3.66156e-05,1.15e-05,2e-08,"(450,1)","(0,0)"
0.03,3.26599e-08,4.24468e-05,3.644e-05,2e-08,"(451,1)","(0,0)"
0.03,3.26599e-08,7.84042e-06,1.238e-05,2e-08,"(452,1)","(0,0)"
0.03,1.99225e-06,2.37753e-05,2.13e-05,2e-08,"(453,1)","(0,0)"
0.03,3.26599e-08,1.90987e-05,3.624e-05,2e-08,"(454,1)","(0,0)"
0.03,3.26599e-08,3.14309e-05,2.608e-05,2e-08,"(455,1)","(0,0)"
0.03,3.26599e-08,3.35094e-05,3.804e-05,2e-08,"(456,1)","(0,0)"
0.03,3.26599e-08,2.5057e-05,2.444e-05,2e-08,"(457,1)","(0,0)"
0.03,6.20537e-07,3.74585e-05,7.6e-06,2e-08,"(458,1)","(0,0)"
0.03,3.26599e-08,2.02765e-05,4.68e-06,2e-08,"(459,1)","(0,0)"
0.03,1.1431e-06,4.32435e-05,2.89e-05,2e-08,"(460,1)","(0,0)"
0.03,3.26599e-08,3.83938e-05,1.646e-05,2e-08,"(461,1)","(0,0)"
0.03,1.43703e-06,2.37984e-05,9.34e-06,2e-08,"(462,1)","(0,0)"
0.03,3.26599e-08,3.02185e-05,3.274e-05,2e-08,"(463,1)","(0,0)"
0.03,3.26599e-08,3.99526e-06,2.864e-05,2e-08,"(464,1)","(0,0)"
0.03,1.30639e-06,3.0588e-05,4.134e-05,2e-08,"(465,1)","(0,0)"
0.03,1.27373e-06,2.39485e-05,7.68e-06,2e-08,"(466,1)","(0,0)"
0.03,3.26599e-08,1.24477e-05,8.12e-06,2e-08,"(467,1)","(0,0)"
0.03,3.26599e-08,3.23316e-05,1.724e-05,2e-08,"(468,1)","(0,0)"
0.03,1.27373e-06,1.51497e-05,3.936e-05,2e-08,"(469,1)","(0,0)"
0.03,1.37171e-06,1.31982e-05,3.654e-05,2e-08,"(470,1)","(0,0)"
0.03,1.79629e-06,2.0138e-05,3.392e-05,2e-08,"(471,1)","(0,0)"
0.03,3.26599e-08,2.49184e-05,2.396e-05,2e-08,"(472,1)","(0,0)"
0.03,1.07778e-06,2.96643e-05,6.46e-06,2e-08,"(473,1)","(0,0)"
0.03,1.20841e-06,3.12924e-05,8.2e-06,2e-08,"(474,1)","(0,0)"
0.03,3.26599e-08,2.31864e-05,2.58e-05,2e-08,"(475,1)","(0,0)"
0.03,3.26599e-08,9.50319e-06,3.038e-05,2e-08,"(476,1)","(0,0)"
0.03,3.26599e-08,9.19142e-06,2.48e-05,2e-08,"(477,1)","(0,0)"
0.03,1.40437e-06,2.11772e-05,9.16e-06,2e-08,"(478,1)","(0,0)"
0.03,1.27373e-06,1.56346e-05,3.968e-05,2e-08,"(479,1)","(0,0)"
0.03,3.26599e-08,2.17315e-05,3.532e-05,2e-08,"(480,1)","(0,0)"
0.03,3.26599e-08,4.69848e-05,2.026e-05,2e-08,"(481,1)","(0,0)"
0.03,3.26599e-08,3.40983e-05,6.34e-06,2e-08,"(482,1)","(0,0)"
0.03,3.26599e-08,3.34401e-05,1.128e-05,2e-08,"(483,1)","(0,0)"
0.03,1.69831e-06,1.34061e-05,2.198e-05,2e-08,"(484,1)","(0,0)"
0.03,1.66565e-06,3.69735e-05,2.152e-05,2e-08,"(485,1)","(0,0)"
0.03,3.26599e-08,3.15002e-05,1.944e-05,2e-08,"(486,1)","(0,0)"
0.03,1.73097e-06,3.18466e-05,1.552e-05,2e-08,"(487,1)","(0,0)"
0.03,3.26599e-08,1.30712e-05,8e-06,2e-08,"(488,1)","(0,0)"
0.03,3.26599e-08,1.01614e-05,3.912e-05,2e-08,"(489,1)","(0,0)"
0.03,1.63299e-06,3.22161e-05,3.604e-05,2e-08,"(490,1)","(0,0)"
0.03,3.26599e-08,4.3486e-05,1.908e-05,2e-08,"(491,1)","(0,0)"
0.03,1.30639e-06,8.55633e-06,1.99e-05,2e-08,"(492,1)","(0,0)"
0.03,1.56767e-06,3.8694e-05,2.834e-05,2e-08,"(493,1)","(0,0)"
0.03,3.26599e-08,2.84172e-05,1.534e-05,2e-08,"(494,1)","(0,0)"
0.03,1.73097e-06,1.54268e-05,3.168e-05,2e-08,"(495,1)","(0,0)"
0.03,1.01246e-06,9.05285e-06,3.632e-05,2e-08,"(496,1)","(0,0)"
0.03,3.26599e-08,2.35674e-05,6.18e-06,2e-08,"(497,1)","(0,0)"
0.03,1.60033e-06,2.65812e-05,3.888e-05,2e-08,"(498,1)","(0,0)"
0.03,3.26599e-08,4.53566e-05,1.904e-05,2e-08,"(499,1)","(0,0)"
0.03,3.26599e-08,1.5115e-05,3.846e-05,2e-08,"(500,1)","(0,0)"
0.03,1.86161e-06,1.95491e-05,3.202e-05,2e-08,"(501,1)","(0,0)"
0.03,3.26599e-08,2.15583e-05,3.942e-05,2e-08,"(502,1)","(0,0)"
0.03,1.27373e-06,2.92832e-05,4.204e-05,2e-08,"(503,1)","(0,0)"
0.03,3.26599e-08,8.74108e-06,2.142e-05,2e-08,"(504,1)","(0,0)"
0.03,2.93939e-07,4.24814e-05,3.882e-05,2e-08,"(505,1)","(0,0)"
0.03,3.26599e-08,1.98608e-05,1.096e-05,2e-08,"(506,1)","(0,0)"
0.03,1.24107e-06,3.89711e-05,1.378e-05,2e-08,"(507,1)","(0,0)"
0.03,2.02491e-06,2.605e-05,2.436e-05,2e-08,"(508,1)","(0,0)"
0.03,1.11044e-06,4.30588e-05,2.006e-05,2e-08,"(509,1)","(0,0)"
0.03,3.26599e-08,2.85557e-05,2.738e-05,2e-08,"(510,1)","(0,0)"
0.03,3.26599e-08,1.61543e-05,9.78e-06,2e-08,"(511,1)","(0,0)"
0.03,3.26599e-08,4.52181e-05,3.312e-05,2e-08,"(512,1)","(0,0)"
0.03,3.26599e-08,2.61655e-05,2.844e-05,2e-08,"(513,1)","(0,0)"
0.03,3.26599e-08,3.97448e-05,2.464e-05,2e-08,"(514,1)","(0,0)"
0.03,3.26599e-08,3.95716e-05,4.198e-05,2e-08,"(515,1)","(0,0)"
0.03,3.26599e-08,1.66046e-05,4.504e-05,2e-08,"(516,1)","(0,0)"
0.03,3.26599e-08,4.06801e-05,1.942e-05,2e-08,"(517,1)","(0,0)"
0.03,1.04512e-06,3.28743e-05,4.25e-05,2e-08,"(518,1)","(0,0)"
0.03,3.26599e-08,4.79201e-06,3.242e-05,2e-08,"(519,1)","(0,0)"
0.03,1.60033e-06,2.01726e-05,1.194e-05,2e-08,"(520,1)","(0,0)"
0.03,1.20841e-06,4.18925e-05,3.112e-05,2e-08,"(521,1)","(0,0)"
0.03,1.79629e-06,1.50111e-05,2.568e-05,2e-08,"(522,1)","(0,0)"
0.03,3.26599e-08,3.86709e-05,1.05e-05,2e-08,"(523,1)","(0,0)"
0.03,1.92693e-06,2.57845e-05,1.854e-05,2e-08,"(524,1)","(0,0)"
0.03,3.26599e-08,3.37865e-05,3.992e-05,2e-08,"(525,1)","(0,0)"
0.03,8.16497e-07,4.32435e-05,3.462e-05,2e-08,"(526,1)","(0,0)"
0.03,3.26599e-08,2.3221e-05,6.82e-06,2e-08,"(527,1)","(0,0)"
0.03,1.89427e-06,1.9399e-05,2.004e-05,2e-08,"(528,1)","(0,0)"
0.03,7.51177e-07,4.09919e-06,2.322e-05,2e-08,"(529,1)","(0,0)"
0.03,3.26599e-08,1.07503e-05,1.954e-05,2e-08,"(530,1)","(0,0)"
0.03,5.55218e-07,4.64998e-05,2.186e-05,2e-08,"(531,1)","(0,0)"
0.03,3.26599e-08,2.47799e-05,1.372e-05,2e-08,"(532,1)","(0,0)"
0.03,3.26599e-08,3.37173e-06,2.424e-05,2e-08,"(533,1)","(0,0)"
0.03,3.26599e-08,6.48942e-06,1.46e-05,2e-08,"(534,1)","(0,0)"
0.03,9.14476e-07,4.5068e-05,2.29e-05,2e-08,"(535,1)","(0,0)"
0.03,3.26599e-07,2.53226e-05,4.726e-05,2e-08,"(536,1)","(0,0)"
0.03,1.40437e-06,4.09226e-05,2.788e-05,2e-08,"(537,1)","(0,0)"
0.03,3.26599e-08,3.73199e-05,2.768e-05,2e-08,"(538,1)","(0,0)"
0.03,3.26599e-08,4.22736e-05,3.842e-05,2e-08,"(539,1)","(0,0)"
0.03,1.20841e-06,4.3105e-05,2.354e-05,2e-08,"(540,1)","(0,0)"
0.03,3.59258e-07,2.95603e-06,2.272e-05,2e-08,"(541,1)","(0,0)"
0.03,9.14476e-07,2.08539e-05,4.46e-05,2e-08,"(542,1)","(0,0)"
0.03,9.47136e-07,1.05771e-05,1.12e-05,2e-08,"(543,1)","(0,0)"
0.03,3.26599e-08,3.96755e-05,9.96e-06,2e-08,"(544,1)","(0,0)"
0.03,9.47136e-07,1.67085e-05,6.98e-06,2e-08,"(545,1)","(0,0)"
0.03,1.89427e-06,3.25279e-05,2.45e-05,2e-08,"(546,1)","(0,0)"
0.03,3.26599e-08,1.12699e-05,3.956e-05,2e-08,"(547,1)","(0,0)"
0.03,1.92693e-06,1.90295e-05,2.16e-05,2e-08,"(548,1)","(0,0)"
0.03,1.30639e-06,4.14999e-05,3.004e-05,2e-08,"(549,1)","(0,0)"
0.03,3.26599e-08,3.82552e-05,2.75e-05,2e-08,"(550,1)","(0,0)"
0.03,1.60033e-06,2.00341e-05,1.194e-05,2e-08,"(551,1)","(0,0)"
0.03,3.26599e-08,2.48492e-05,2.848e-05,2e-08,"(552,1)","(0,0)"
0.03,3.26599e-08,4.66384e-05,2.294e-05,2e-08,"(553,1)","(0,0)"
0.03,3.26599e-08,5.83124e-06,3.558e-05,2e-08,"(554,1)","(0,0)"
0.03,1.95959e-06,2.59461e-05,2.05e-05,2e-08,"(555,1)","(0,0)"
0.03,3.26599e-08,3.75278e-05,3.144e-05,2e-08,"(556,1)","(0,0)"
0.03,4.89898e-07,4.59455e-05,3.126e-05,2e-08,"(557,1)","(0,0)"
0.03,3.26599e-08,5.62339e-06,2.35e-05,2e-08,"(558,1)","(0,0)"
0.03,1.79629e-06,1.56346e-05,2.132e-05,2e-08,"(559,1)","(0,0)"
0.03,3.26599e-08,1.18934e-05,4.296e-05,2e-08,"(560,1)","(0,0)"
0.03,9.79796e-07,2.33827e-05,5.34e-06,2e-08,"(561,1)","(0,0)"
0.03,8.16497e-07,2.38792e-05,4.56e-05,2e-08,"(562,1)","(0,0)"
0.03,1.01246e-06,7.77113e-06,3.402e-05,2e-08,"(563,1)","(0,0)"
0.03,3.26599e-08,3.06342e-05,3.814e-05,2e-08,"(564,1)","(0,0)"
0.03,3.26599e-08,1.44569e-05,2.812e-05,2e-08,"(565,1)","(0,0)"
0.03,1.66565e-06,1.30019e-05,2.976e-05,2e-08,"(566,1)","(0,0)"
0.03,3.26599e-08,2.46067e-05,4.662e-05,2e-08,"(567,1)","(0,0)"
0.03,9.79796e-08,2.9976e-05,3.08e-06,2e-08,"(568,1)","(0,0)"
0.03,3.26599e-08,9.88424e-06,1.644e-05,2e-08,"(569,1)","(0,0)"
0.03,3.26599e-08,2.92139e-05,3.416e-05,2e-08,"(570,1)","(0,0)"
0.03,3.26599e-08,2.187e-05,1.756e-05,2e-08,"(571,1)","(0,0)"
0.03,3.26599e-08,1.31059e-05,3.054e-05,2e-08,"(572,1)","(0,0)"
0.03,1.69831e-06,1.71473e-05,3.402e-05,2e-08,"(573,1)","(0,0)"
0.03,6.85857e-07,4.51488e-06,3.03e-05,2e-08,"(574,1)","(0,0)"
0.03,1.89427e-06,1.83251e-05,2.902e-05,2e-08,"(575,1)","(0,0)"
0.03,3.26599e-08,7.77113e-06,3.37e-05,2e-08,"(576,1)","(0,0)"
0.03,1.82895e-06,3.45371e-05,2.618e-05,2e-08,"(577,1)","(0,0)"
0.03,1.79629e-06,1.5219e-05,2.652e-05,2e-08,"(578,1)","(0,0)"
0.03,9.47136e-07,6.62798e-06,3.248e-05,2e-08,"(579,1)","(0,0)"
0.03,3.26599e-08,5.83124e-06,2.398e-05,2e-08,"(580,1)","(0,0)"
0.03,1.11044e-06,7.3439e-06,3.192e-05,2e-08,"(581,1)","(0,0)"
0.03,1.95959e-06,2.06807e-05,2.686e-05,2e-08,"(582,1)","(0,0)"
0.03,3.26599e-08,4.21004e-05,3.02e-05,2e-08,"(583,1)","(0,0)"
0.03,3.26599e-08,2.06922e-05,3.64e-06,2e-08,"(584,1)","(0,0)"
0.03,3.26599e-08,3.66964e-05,3.692e-05,2e-08,"(585,1)","(0,0)"
0.03,3.26599e-08,1.6466e-05,2.32e-05,2e-08,"(586,1)","(0,0)"
0.03,1.04512e-06,4.3613e-05,3.018e-05,2e-08,"(587,1)","(0,0)"
0.03,1.82895e-06,2.27591e-05,1.586e-05,2e-08,"(588,1)","(0,0)"
0.03,3.26599e-08,3.13963e-05,8.1e-06,2e-08,"(589,1)","(0,0)"
0.03,1.37171e-06,1.15008e-05,1.548e-05,2e-08,"(590,1)","(0,0)"
0.03,3.26599e-08,1.00228e-05,3.848e-05,2e-08,"(591,1)","(0,0)"
0.03,1.53501e-06,2.83825e-05,3.948e-05,2e-08,"(592,1)","(0,0)"
0.03,3.26599e-08,3.10499e-05,8.18e-06,2e-08,"(593,1)","(0,0)"
0.03,1.89427e-06,2.00918e-05,1.944e-05,2e-08,"(594,1)","(0,0)"
0.03,1.69831e-06,2.23781e-05,1.34e-05,2e-08,"(595,1)","(0,0)"
0.03,8.16497e-07,3.2678e-05,5.84e-06,2e-08,"(596,1)","(0,0)"
0.03,1.17576e-06,1.09812e-05,3.67e-05,2e-08,"(597,1)","(0,0)"
0.03,1.40437e-06,4.11304e-05,2.724e-05,2e-08,"(598,1)","(0,0)"
0.03,3.26599e-08,3.79088e-05,4.082e-05,2e-08,"(599,1)","(0,0)"
0.03,1.43703e-06,2.3348e-05,4.064e-05,2e-08,"(600,1)","(0,0)"
0.03,3.26599e-08,4.22736e-05,3.166e-05,2e-08,"(601,1)","(0,0)"
0.03,1.79629e-06,3.40983e-05,1.982e-05,2e-08,"(602,1)","(0,0)"
0.03,1.89427e-06,3.28743e-05,2.45e-05,2e-08,"(603,1)","(0,0)"
0.03,3.26599e-08,2.32557e-05,1.144e-05,2e-08,"(604,1)","(0,0)"
0.03,3.26599e-08,8.84501e-06,1.028e-05,2e-08,"(605,1)","(0,0)"
0.03,1.63299e-06,3.12462e-05,1.332e-05,2e-08,"(606,1)","(0,0)"
0.03,3.26599e-08,2.30132e-05,3.562e-05,2e-08,"(607,1)","(0,0)"
0.03,1.20841e-06,7.63257e-06,2.982e-05,2e-08,"(608,1)","(0,0)"
0.03,1.73097e-06,3.35441e-05,3.318e-05,2e-08,"(609,1)","(0,0)"
0.03,1.07778e-06,2.82786e-05,6.1e-06,2e-08,"(610,1)","(0,0)"
0.03,3.26599e-08,1.68124e-05,1.384e-05,2e-08,"(611,1)","(0,0)"
0.03,2.93939e-07,4.69501e-05,2.124e-05,2e-08,"(612,1)","(0,0)"
0.03,1.63299e-06,3.69273e-05,1.964e-05,2e-08,"(613,1)","(0,0)"
0.03,5.55218e-07,1.05078e-05,8.88e-06,2e-08,"(614,1)","(0,0)"
0.03,1.86161e-06,1.89602e-05,1.884e-05,2e-08,"(615,1)","(0,0)"
0.03,1.37171e-06,3.89019e-05,3.382e-05,2e-08,"(616,1)","(0,0)"
0.03,3.26599e-08,2.32557e-05,1.148e-05,2e-08,"(617,1)","(0,0)"
0.03,1.82895e-06,3.38443e-05,2.898e-05,2e-08,"(618,1)","(0,0)"
0.03,1.40437e-06,2.75858e-05,4.118e-05,2e-08,"(619,1)","(0,0)"
0.03,1.04512e-06,3.72737e-05,3.98e-05,2e-08,"(620,1)","(0,0)"
0.03,1.86161e-06,1.95491e-05,1.878e-05,2e-08,"(621,1)","(0,0)"
0.03,3.26599e-08,2.26321e-05,1.064e-05,2e-08,"(622,1)","(0,0)"
0.03,7.51177e-07,1.99994e-05,4.536e-05,2e-08,"(623,1)","(0,0)"
0.03,3.26599e-08,4.5703e-05,2.832e-05,2e-08,"(624,1)","(0,0)"
0.03,1.86161e-06,1.83366e-05,3.108e-05,2e-08,"(625,1)","(0,0)"
0.03,3.26599e-08,9.05285e-06,4.02e-05,2e-08,"(626,1)","(0,0)"
0.03,3.26599e-08,2.94218e-05,2.856e-05,2e-08,"(627,1)","(0,0)"
0.03,9.14476e-07,4.23313e-05,3.504e-05,2e-08,"(628,1)","(0,0)"
0.03,1.89427e-06,2.78514e-05,3.168e-05,2e-08,"(629,1)","(0,0)"
0.03,3.26599e-08,2.18007e-05,2.212e-05,2e-08,"(630,1)","(0,0)"
0.03,3.26599e-08,2.65119e-05,4.492e-05,2e-08,"(631,1)","(0,0)"
0.03,3.26599e-08,2.95257e-05,3.11e-05,2e-08,"(632,1)","(0,0)"
0.03,1.07778e-06,3.06342e-05,4.318e-05,2e-08,"(633,1)","(0,0)"
0.03,3.26599e-08,3.41329e-05,2.292e-05,2e-08,"(634,1)","(0,0)"
0.03,1.86161e-06,1.65353e-05,2.42e-05,2e-08,"(635,1)","(0,0)"
0.03,5.87878e-07,1.68355e-05,4.492e-05,2e-08,"(636,1)","(0,0)"
0.03,3.26599e-08,2.67198e-05,1.5e-05,2e-08,"(637,1)","(0,0)"
0.03,1.92693e-06,3.10153e-05,2.776e-05,2e-08,"(638,1)","(0,0)"
0.03,1.07778e-06,7.35544e-06,1.77e-05,2e-08,"(639,1)","(0,0)"
0.03,3.26599e-08,2.95257e-05,1.098e-05,2e-08,"(640,1)","(0,0)"
0.03,1.82895e-06,2.58768e-05,3.466e-05,2e-08,"(641,1)","(0,0)"
0.03,3.26599e-08,3.61768e-05,2.202e-05,2e-08,"(642,1)","(0,0)"
0.03,3.26599e-08,2.86943e-05,2.738e-05,2e-08,"(643,1)","(0,0)"
0.03,1.63299e-06,3.73084e-05,3.022e-05,2e-08,"(644,1)","(0,0)"
0.03,3.26599e-08,1.98608e-05,1.496e-05,2e-08,"(645,1)","(0,0)"
0.03,1.53501e-06,1.22745e-05,1.766e-05,2e-08,"(646,1)","(0,0)"
0.03,1.46969e-06,9.98816e-06,2.826e-05,2e-08,"(647,1)","(0,0)"
0.03,3.26599e-08,4.41096e-05,3.296e-05,2e-08,"(648,1)","(0,0)"
0.03,1.95959e-06,1.97107e-05,2.734e-05,2e-08,"(649,1)","(0,0)"
0.03,3.26599e-08,3.95716e-05,3.806e-05,2e-08,"(650,1)","(0,0)"
0.03,1.20841e-06,8.63716e-06,3.28e-05,2e-08,"(651,1)","(0,0)"
0.03,1.33905e-06,4.13383e-05,2.128e-05,2e-08,"(652,1)","(0,0)"
0.03,1.17576e-06,1.64545e-05,8.9e-06,2e-08,"(653,1)","(0,0)"
0.03,3.26599e-08,1.61889e-05,3.608e-05,2e-08,"(654,1)","(0,0)"
0.03,3.26599e-08,1.90295e-05,1.156e-05,2e-08,"(655,1)","(0,0)"
0.03,8.49156e-07,2.81631e-05,4.78e-06,2e-08,"(656,1)","(0,0)"
0.03,9.47136e-07,4.04723e-05,3.762e-05,2e-08,"(657,1)","(0,0)"
0.03,1.40437e-06,9.53783e-06,2.036e-05,2e-08,"(658,1)","(0,0)"
0.03,3.26599e-08,3.96062e-06,2.982e-05,2e-08,"(659,1)","(0,0)"
0.03,3.26599e-08,4.28625e-05,2.888e-05,2e-08,"(660,1)","(0,0)"
0.03,1.11044e-06,3.93868e-05,3.698e-05,2e-08,"(661,1)","(0,0)"
0.03,3.26599e-08,2.87636e-05,3.126e-05,2e-08,"(662,1)","(0,0)"
0.03,1.60033e-06,2.89022e-05,1.19e-05,2e-08,"(663,1)","(0,0)"
0.03,9.14476e-07,2.1997e-05,4.494e-05,2e-08,"(664,1)","(0,0)"
0.03,1.56767e-06,3.89711e-05,2.17e-05,2e-08,"(665,1)","(0,0)"
0.03,3.26599e-08,3.2678e-05,3.384e-05,2e-08,"(666,1)","(0,0)"
0.03,3.26599e-08,3.64885e-05,2.468e-05,2e-08,"(667,1)","(0,0)"
0.03,1.73097e-06,2.18007e-05,3.612e-05,2e-08,"(668,1)","(0,0)"
0.03,8.49156e-07,1.66277e-05,6.36e-06,2e-08,"(669,1)","(0,0)"
0.03,3.26599e-08,2.40871e-05,2.228e-05,2e-08,"(670,1)","(0,0)"
0.03,3.26599e-08,1.82327e-05,2.942e-05,2e-08,"(671,1)","(0,0)"
0.03,8.16497e-07,3.97794e-05,3.934e-05,2e-08,"(672,1)","(0,0)"
0.03,3.26599e-08,2.27707e-05,5.72e-06,2e-08,"(673,1)","(0,0)"
0.03,3.26599e-08,2.38099e-05,2.84e-06,2e-08,"(674,1)","(0,0)"
0.03,1.1431e-06,7.07831e-06,2.95e-05,2e-08,"(675,1)","(0,0)"
0.03,3.26599e-08,3.08767e-05,2.58e-05,2e-08,"(676,1)","(0,0)"
0.03,1.66565e-06,1.54614e-05,3.326e-05,2e-08,"(677,1)","(0,0)"
0.03,1.40437e-06,1.09927e-05,3.348e-05,2e-08,"(678,1)","(0,0)"
0.03,3.26599e-08,2.78283e-05,2.288e-05,2e-08,"(679,1)","(0,0)"
0.03,3.26599e-08,2.0519e-05,1.586e-05,2e-08,"(680,1)","(0,0)"
0.03,3.26599e-08,2.96296e-05,2.62e-05,2e-08,"(681,1)","(0,0)"
0.03,1.76363e-06,1.72859e-05,3.274e-05,2e-08,"(682,1)","(0,0)"
0.03,3.26599e-08,2.86943e-05,3.022e-05,2e-08,"(683,1)","(0,0)"
0.03,3.26599e-08,2.30132e-05,3.106e-05,2e-08,"(684,1)","(0,0)"
0.03,1.53501e-06,1.68471e-05,1.306e-05,2e-08,"(685,1)","(0,0)"
0.03,3.26599e-08,1.70896e-05,8.84e-06,2e-08,"(686,1)","(0,0)"
0.03,3.26599e-08,4.01951e-05,3.406e-05,2e-08,"(687,1)","(0,0)"
0.03,3.26599e-08,1.43876e-05,1.94e-05,2e-08,"(688,1)","(0,0)"
0.03,3.26599e-08,1.12006e-05,2.108e-05,2e-08,"(689,1)","(0,0)"
0.03,1.95959e-06,2.80592e-05,2.96e-05,2e-08,"(690,1)","(0,0)"
0.03,1.92693e-06,2.187e-05,3.048e-05,2e-08,"(691,1)","(0,0)"
0.03,3.26599e-08,3.10845e-05,1.712e-05,2e-08,"(692,1)","(0,0)"
0.03,1.63299e-06,2.37984e-05,1.194e-05,2e-08,"(693,1)","(0,0)"
0.03,3.26599e-08,4.32089e-05,3.596e-05,2e-08,"(694,1)","(0,0)"
0.03,3.26599e-08,2.57845e-05,1.654e-05,2e-08,"(695,1)","(0,0)"
0.03,3.26599e-08,3.47565e-06,2.89e-05,2e-08,"(696,1)","(0,0)"
0.03,7.18517e-07,2.25167e-05,4.04e-06,2e-08,"(697,1)","(0,0)"
0.03,1.43703e-06,2.32095e-05,4.06e-05,2e-08,"(698,1)","(0,0)"
0.03,3.26599e-08,1.58771e-05,1.126e-05,2e-08,"(699,1)","(0,0)"
0.03,3.26599e-08,2.63387e-05,4.014e-05,2e-08,"(700,1)","(0,0)"
0.03,3.26599e-08,2.42949e-05,2.044e-05,2e-08,"(701,1)","(0,0)"
0.03,1.07778e-06,3.61421e-05,4.044e-05,2e-08,"(702,1)","(0,0)"
0.03,7.51177e-07,3.12577e-05,4.49e-05,2e-08,"(703,1)","(0,0)"
0.03,3.26599e-08,2.95603e-05,2.048e-05,2e-08,"(704,1)","(0,0)"
0.03,1.40437e-06,2.97335e-05,4.066e-05,2e-08,"(705,1)","(0,0)"
0.03,8.81816e-07,2.20779e-05,4.5e-05,2e-08,"(706,1)","(0,0)"
0.03,9.79796e-07,4.37862e-05,1.904e-05,2e-08,"(707,1)","(0,0)"
0.03,3.26599e-08,5.10378e-06,2.724e-05,2e-08,"(708,1)","(0,0)"
0.03,9.47136e-07,1.87523e-05,4.388e-05,2e-08,"(709,1)","(0,0)"
0.03,3.26599e-08,2.41217e-05,1.146e-05,2e-08,"(710,1)","(0,0)"
0.03,3.26599e-08,2.40178e-05,5.72e-06,2e-08,"(711,1)","(0,0)"
0.03,3.26599e-08,3.92945e-05,2.43e-05,2e-08,"(712,1)","(0,0)"
0.03,3.26599e-08,3.58304e-05,1.202e-05,2e-08,"(713,1)","(0,0)"
0.03,1.01246e-06,3.19506e-05,4.322e-05,2e-08,"(714,1)","(0,0)"
0.03,3.26599e-08,2.80361e-05,4.616e-05,2e-08,"(715,1)","(0,0)"
0.03,6.20537e-07,2.62348e-05,4.636e-05,2e-08,"(716,1)","(0,0)"
0.03,3.26599e-08,4.30703e-05,1.46e-05,2e-08,"(717,1)","(0,0)"
0.03,1.86161e-06,2.19047e-05,1.686e-05,2e-08,"(718,1)","(0,0)"
0.03,1.73097e-06,1.42836e-05,2.946e-05,2e-08,"(719,1)","(0,0)"
0.03,1.30639e-06,1.01845e-05,1.636e-05,2e-08,"(720,1)","(0,0)"
0.03,1.20841e-06,2.69276e-05,4.284e-05,2e-08,"(721,1)","(0,0)"
0.03,5.55218e-07,5.34626e-06,1.574e-05,2e-08,"(722,1)","(0,0)"
0.03,3.26599e-08,4.15461e-05,3.172e-05,2e-08,"(723,1)","(0,0)"
0.03,1.76363e-06,1.47917e-05,2.866e-05,2e-08,"(724,1)","(0,0)"
0.03,1.46969e-06,3.01492e-05,3.974e-05,2e-08,"(725,1)","(0,0)"
0.03,3.26599e-08,1.44569e-05,7.08e-06,2e-08,"(726,1)","(0,0)"
0.03,1.76363e-06,1.63159e-05,1.81e-05,2e-08,"(727,1)","(0,0)"
0.03,1.01246e-06,4.44906e-05,2.458e-05,2e-08,"(728,1)","(0,0)"
0.03,6.85857e-07,4.6188e-05,2.648e-05,2e-08,"(729,1)","(0,0)"
0.03,1.76363e-06,2.20663e-05,1.414e-05,2e-08,"(730,1)","(0,0)"
0.03,1.95959e-07,4.64882e-05,3.144e-05,2e-08,"(731,1)","(0,0)"
0.03,3.26599e-08,1.21705e-05,1.972e-05,2e-08,"(732,1)","(0,0)"
0.03,1.17576e-06,2.91677e-05,7.24e-06,2e-08,"(733,1)","(0,0)"
0.03,1.46969e-06,3.41329e-05,3.768e-05,2e-08,"(734,1)","(0,0)"
0.03,3.26599e-08,3.92945e-05,3.742e-05,2e-08,"(735,1)","(0,0)"
0.03,3.26599e-07,4.64882e-05,1.94e-05,2e-08,"(736,1)","(0,0)"
0.03,1.63299e-06,1.18819e-05,2.614e-05,2e-08,"(737,1)","(0,0)"
0.03,3.26599e-08,2.40524e-05,2.718e-05,2e-08,"(738,1)","(0,0)"
0.03,3.26599e-08,2.1004e-05,1.374e-05,2e-08,"(739,1)","(0,0)"
0.03,1.92693e-06,2.48492e-05,3.212e-05,2e-08,"(740,1)","(0,0)"
0.03,1.1431e-06,3.27473e-05,8e-06,2e-08,"(741,1)","(0,0)"
0.03,1.56767e-06,1.27825e-05,3.27e-05,2e-08,"(742,1)","(0,0)"
0.03,1.24107e-06,2.24474e-05,4.264e-05,2e-08,"(743,1)","(0,0)"
0.03,3.26599e-08,7.39008e-06,2.412e-05,2e-08,"(744,1)","(0,0)"
0.03,1.17576e-06,2.46644e-05,6.68e-06,2e-08,"(745,1)","(0,0)"
0.03,3.26599e-08,2.59923e-05,1.062e-05,2e-08,"(746,1)","(0,0)"
0.03,1.69831e-06,1.35793e-05,2.052e-05,2e-08,"(747,1)","(0,0)"
0.03,3.26599e-08,3.21238e-05,1.76e-05,2e-08,"(748,1)","(0,0)"
0.03,1.73097e-06,2.02765e-05,3.528e-05,2e-08,"(749,1)","(0,0)"
0.03,3.26599e-08,8.42931e-06,3.628e-05,2e-08,"(750,1)","(0,1)"
0.03,3.26599e-08,3.7701e-05,7.18e-06,2e-08,"(751,1)","(0,1)"
0.03,3.26599e-08,2.85904e-05,3.748e-05,2e-08,"(752,1)","(0,1)"
0.03,3.26599e-08,1.29326e-05,1.164e-05,2e-08,"(753,1)","(0,1)"
0.03,3.26599e-08,4.16154e-05,2.568e-05,2e-08,"(754,1)","(0,1)"
0.03,3.26599e-08,1.77824e-05,4.44e-06,2e-08,"(755,1)","(0,1)"
0.03,1.73097e-06,2.27707e-05,3.616e-05,2e-08,"(756,1)","(0,1)"
0.03,1.92693e-06,1.95491e-05,2.786e-05,2e-08,"(757,1)","(0,1)"
0.03,3.26599e-08,3.02878e-05,7.1e-06,2e-08,"(758,1)","(0,1)"
0.03,3.26599e-08,2.86943e-05,1.006e-05,2e-08,"(759,1)","(0,1)"
0.03,3.26599e-08,9.71103e-06,3.71e-05,2e-08,"(760,1)","(0,1)"
0.03,6.20537e-07,3.94677e-05,9.08e-06,2e-08,"(761,1)","(0,1)"
0.03,3.26599e-08,3.07728e-05,2.626e-05,2e-08,"(762,1)","(0,1)"
0.03,3.26599e-08,2.96989e-05,1.24e-05,2e-08,"(763,1)","(0,1)"
0.03,3.26599e-08,2.5057e-06,2.462e-05,2e-08,"(764,1)","(0,1)"
0.03,3.26599e-08,7.87506e-06,2.268e-05,2e-08,"(765,1)","(0,1)"
0.03,1.11044e-06,4.25738e-05,3.15e-05,2e-08,"(766,1)","(0,1)"
0.03,3.26599e-08,7.42472e-06,2.766e-05,2e-08,"(767,1)","(0,1)"
0.03,3.26599e-08,2.02419e-05,2.898e-05,2e-08,"(768,1)","(0,1)"
0.03,1.04512e-06,4.3613e-05,1.978e-05,2e-08,"(769,1)","(0,1)"
0.03,3.26599e-08,3.68003e-05,3.534e-05,2e-08,"(770,1)","(0,1)"
0.03,1.92693e-06,3.1812e-05,2.462e-05,2e-08,"(771,1)","(0,1)"
0.03,1.89427e-06,1.79787e-05,2.21e-05,2e-08,"(772,1)","(0,1)"
0.03,1.56767e-06,2.8371e-05,1.122e-05,2e-08,"(773,1)","(0,1)"
0.03,1.20841e-06,3.11192e-05,7.86e-06,2e-08,"(774,1)","(0,1)"
0.03,1.1431e-06,4.32435e-05,2.174e-05,2e-08,"(775,1)","(0,1)"
0.03,1.30639e-06,1.91218e-05,4.116e-05,2e-08,"(776,1)","(0,1)"
0.03,3.26599e-08,3.27819e-05,1.678e-05,2e-08,"(777,1)","(0,1)"
0.03,3.26599e-08,3.33362e-05,2.41e-05,2e-08,"(778,1)","(0,1)"
0.03,1.43703e-06,2.65004e-05,4.078e-05,2e-08,"(779,1)","(0,1)"
0.03,3.26599e-08,4.3971e-05,2.048e-05,2e-08,"(780,1)","(0,1)"
0.03,1.69831e-06,2.60154e-05,1.262e-05,2e-08,"(781,1)","(0,1)"
0.03,3.26599e-08,5.2077e-06,2.482e-05,2e-08,"(782,1)","(0,1)"
0.03,1.69831e-06,2.17546e-05,1.316e-05,2e-08,"(783,1)","(0,1)"
0.03,1.33905e-06,1.26209e-05,1.342e-05,2e-08,"(784,1)","(0,1)"
0.03,4.89898e-07,3.96062e-06,1.906e-05,2e-08,"(785,1)","(0,1)"
0.03,1.27373e-06,4.08879e-05,3.214e-05,2e-08,"(786,1)","(0,1)"
0.03,3.26599e-08,4.23082e-05,3.036e-05,2e-08,"(787,1)","(0,1)"
0.03,3.26599e-08,3.08074e-05,1.932e-05,2e-08,"(788,1)","(0,1)"
0.03,3.26599e-08,5.65803e-06,1.52e-05,2e-08,"(789,1)","(0,1)"
0.03,1.99225e-06,2.67891e-05,2.608e-05,2e-08,"(790,1)","(0,1)"
0.03,3.26599e-08,1.7436e-05,4.352e-05,2e-08,"(791,1)","(0,1)"
0.03,3.26599e-08,9.98816e-06,3.986e-05,2e-08,"(792,1)","(0,1)"
0.03,1.27373e-06,3.09113e-05,8.38e-06,2e-08,"(793,1)","(0,1)"
0.03,3.26599e-08,2.4572e-05,3.924e-05,2e-08,"(794,1)","(0,1)"
0.03,1.95959e-06,2.98952e-05,2.762e-05,2e-08,"(795,1)","(0,1)"
0.03,3.26599e-08,3.97102e-05,1.338e-05,2e-08,"(796,1)","(0,1)"
0.03,1.33905e-06,2.41217e-05,8.1e-06,2e-08,"(797,1)","(0,1)"
0.03,1.92693e-06,2.24589e-05,1.838e-05,2e-08,"(798,1)","(0,1)"
0.03,1.79629e-06,1.51843e-05,2.31e-05,2e-08,"(799,1)","(0,1)"
0.03,3.26599e-08,1.24823e-05,2.954e-05,2e-08,"(800,1)","(0,1)"
0.03,3.26599e-08,3.17081e-05,4.548e-05,2e-08,"(801,1)","(0,1)"
0.03,1.30639e-06,4.17078e-05,2.108e-05,2e-08,"(802,1)","(0,1)"
0.03,1.66565e-06,2.21818e-05,1.242e-05,2e-08,"(803,1)","(0,1)"
0.03,1.89427e-06,3.06573e-05,2.962e-05,2e-08,"(804,1)","(0,1)"
0.03,1.63299e-06,3.66502e-05,3.172e-05,2e-08,"(805,1)","(0,1)"
0.03,3.26599e-08,3.50336e-05,2.872e-05,2e-08,"(806,1)","(0,1)"
0.03,1.66565e-06,3.66271e-05,1.992e-05,2e-08,"(807,1)","(0,1)"
0.03,1.66565e-06,3.02185e-05,1.346e-05,2e-08,"(808,1)","(0,1)"
0.03,3.26599e-08,3.78049e-05,1.996e-05,2e-08,"(809,1)","(0,1)"
0.03,9.47136e-07,8.18683e-06,3.558e-05,2e-08,"(810,1)","(0,1)"
0.03,3.26599e-08,1.27594e-05,2.914e-05,2e-08,"(811,1)","(0,1)"
0.03,1.86161e-06,3.32323e-05,2.716e-05,2e-08,"(812,1)","(0,1)"
0.03,3.26599e-08,3.53454e-05,8.14e-06,2e-08,"(813,1)","(0,1)"
0.03,3.26599e-08,1.09927e-05,2.136e-05,2e-08,"(814,1)","(0,1)"
0.03,1.53501e-06,3.71467e-05,1.682e-05,2e-08,"(815,1)","(0,1)"
0.03,1.30639e-06,3.73084e-05,1.314e-05,2e-08,"(816,1)","(0,1)"
0.03,3.26599e-08,3.71121e-05,8.92e-06,2e-08,"(817,1)","(0,1)"
0.03,3.26599e-08,4.09919e-05,3.508e-05,2e-08,"(818,1)","(0,1)"
0.03,1.46969e-06,2.31171e-05,4.036e-05,2e-08,"(819,1)","(0,1)"
0.03,3.26599e-08,4.51834e-05,1.99e-05,2e-08,"(820,1)","(0,1)"
0.03,3.26599e-08,2.60616e-05,2.83e-05,2e-08,"(821,1)","(0,1)"
0.03,3.26599e-08,1.42144e-05,8.62e-06,2e-08,"(822,1)","(0,1)"
0.03,3.26599e-08,1.29673e-05,1.73e-05,2e-08,"(823,1)","(0,1)"
0.03,3.26599e-08,3.49297e-05,2.498e-05,2e-08,"(824,1)","(0,1)"
0.03,1.27373e-06,3.39251e-05,3.988e-05,2e-08,"(825,1)","(0,1)"
0.03,1.82895e-06,1.79787e-05,3.146e-05,2e-08,"(826,1)","(0,1)"
0.03,1.33905e-06,8.29075e-06,2.204e-05,2e-08,"(827,1)","(0,1)"
0.03,3.26599e-08,3.23316e-05,2.608e-05,2e-08,"(828,1)","(0,1)"
0.03,3.26599e-08,1.20666e-05,4.158e-05,2e-08,"(829,1)","(0,1)"
0.03,8.81816e-07,2.18354e-05,4.86e-06,2e-08,"(830,1)","(0,1)"
0.03,1.63299e-06,2.44566e-05,3.84e-05,2e-08,"(831,1)","(0,1)"
0.03,1.95959e-07,4.55529e-05,1.602e-05,2e-08,"(832,1)","(0,1)"
0.03,3.26599e-08,9.29534e-06,1.13e-05,2e-08,"(833,1)","(0,1)"
0.03,1.17576e-06,4.02875e-05,3.506e-05,2e-08,"(834,1)","(0,1)"
0.03,3.26599e-08,1.14777e-05,9.44e-06,2e-08,"(835,1)","(0,1)"
0.03,3.26599e-08,1.02653e-05,1.498e-05,2e-08,"(836,1)","(0,1)"
0.03,9.14476e-07,3.66156e-05,8.5e-06,2e-08,"(837,1)","(0,1)"
0.03,3.26599e-08,1.98608e-05,3.844e-05,2e-08,"(838,1)","(0,1)"
0.03,1.24107e-06,1.14662e-05,3.642e-05,2e-08,"(839,1)","(0,1)"
0.03,3.26599e-08,2.96296e-05,2.512e-05,2e-08,"(840,1)","(0,1)"
0.03,3.26599e-08,3.83592e-05,1.116e-05,2e-08,"(841,1)","(0,1)"
0.03,1.1431e-06,1.31751e-05,3.938e-05,2e-08,"(842,1)","(0,1)"
0.03,3.26599e-08,5.76196e-06,2.85e-05,2e-08,"(843,1)","(0,1)"
0.03,1.24107e-06,1.09812e-05,1.39e-05,2e-08,"(844,1)","(0,1)"
0.03,8.49156e-07,1.21936e-05,9.08e-06,2e-08,"(845,1)","(0,1)"
0.03,1.89427e-06,3.0103e-05,3.138e-05,2e-08,"(846,1)","(0,1)"
0.03,1.86161e-06,1.98608e-05,1.84e-05,2e-08,"(847,1)","(0,1)"
0.03,3.26599e-08,1.68124e-05,2.848e-05,2e-08,"(848,1)","(0,1)"
0.03,3.26599e-08,1.85791e-05,2.134e-05,2e-08,"(849,1)","(0,1)"
0.03,3.26599e-08,3.09113e-05,4.606e-05,2e-08,"(850,1)","(0,1)"
0.03,1.1431e-06,4.22043e-05,3.186e-05,2e-08,"(851,1)","(0,1)"
0.03,1.11044e-06,8.17528e-06,3.328e-05,2e-08,"(852,1)","(0,1)"
0.03,1.92693e-06,1.86138e-05,2.184e-05,2e-08,"(853,1)","(0,1)"
0.03,1.27373e-06,3.84631e-05,1.358e-05,2e-08,"(854,1)","(0,1)"
0.03,3.26599e-08,2.21472e-05,4.376e-05,2e-08,"(855,1)","(0,1)"
0.03,3.26599e-08,3.4514e-05,1.318e-05,2e-08,"(856,1)","(0,1)"
0.03,3.26599e-08,3.38558e-05,4.6e-06,2e-08,"(857,1)","(0,1)"
0.03,1.92693e-06,1.93412e-05,2.21e-05,2e-08,"(858,1)","(0,1)"
0.03,3.26599e-08,3.19506e-05,4.058e-05,2e-08,"(859,1)","(0,1)"
0.03,3.26599e-08,3.7597e-05,1.1e-05,2e-08,"(860,1)","(0,1)"
0.03,1.50235e-06,1.06002e-05,2.988e-05,2e-08,"(861,1)","(0,1)"
0.03,1.73097e-06,2.66505e-05,3.628e-05,2e-08,"(862,1)","(0,1)"
0.03,3.26599e-08,1.39372e-05,6.78e-06,2e-08,"(863,1)","(0,1)"
0.03,8.49156e-07,5.5772e-06,1.874e-05,2e-08,"(864,1)","(0,1)"
0.03,1.40437e-06,3.91559e-05,3.266e-05,2e-08,"(865,1)","(0,1)"
0.03,2.61279e-07,7.10141e-06,3.842e-05,2e-08,"(866,1)","(0,1)"
0.03,3.26599e-08,2.09001e-05,2.888e-05,2e-08,"(867,1)","(0,1)"
0.03,7.18517e-07,4.29549e-06,2.916e-05,2e-08,"(868,1)","(0,1)"
0.03,3.26599e-08,3.23663e-05,1.182e-05,2e-08,"(869,1)","(0,1)"
0.03,3.26599e-08,4.21004e-05,3.656e-05,2e-08,"(870,1)","(0,1)"
0.03,3.26599e-08,2.16275e-05,1.166e-05,2e-08,"(871,1)","(0,1)"
0.03,1.66565e-06,2.47106e-05,1.236e-05,2e-08,"(872,1)","(0,1)"
0.03,3.26599e-08,4.21697e-05,3.72e-05,2e-08,"(873,1)","(0,1)"
0.03,3.26599e-08,1.28287e-05,2.354e-05,2e-08,"(874,1)","(0,1)"
0.03,3.26599e-08,9.57247e-06,1.486e-05,2e-08,"(875,1)","(0,1)"
0.03,3.26599e-08,2.42949e-05,3.248e-05,2e-08,"(876,1)","(0,1)"
0.03,1.40437e-06,4.10265e-05,2.442e-05,2e-08,"(877,1)","(0,1)"
0.03,1.30639e-06,2.99991e-05,8.44e-06,2e-08,"(878,1)","(0,1)"
0.03,8.16497e-07,1.50457e-05,4.31e-05,2e-08,"(879,1)","(0,1)"
0.03,3.26599e-08,3.4999e-05,4.27e-05,2e-08,"(880,1)","(0,1)"
0.03,2.02491e-06,2.6154e-05,2.374e-05,2e-08,"(881,1)","(0,1)"
0.03,3.26599e-08,1.56e-05,4.538e-05,2e-08,"(882,1)","(0,1)"
0.03,3.26599e-08,4.51142e-05,2.802e-05,2e-08,"(883,1)","(0,1)"
0.03,1.1431e-06,8.04826e-06,1.726e-05,2e-08,"(884,1)","(0,1)"
0.03,3.26599e-08,2.13504e-05,7.78e-06,2e-08,"(885,1)","(0,1)"
0.03,3.26599e-08,3.73199e-05,3.324e-05,2e-08,"(886,1)","(0,1)"
0.03,1.82895e-06,1.61774e-05,2.074e-05,2e-08,"(887,1)","(0,1)"
0.03,3.26599e-08,4.51488e-05,1.664e-05,2e-08,"(888,1)","(0,1)"
0.03,3.26599e-08,1.10274e-05,1.006e-05,2e-08,"(889,1)","(0,1)"
0.03,3.26599e-08,3.03571e-05,4.02e-06,2e-08,"(890,1)","(0,1)"
0.03,3.26599e-08,3.14309e-05,4e-05,2e-08,"(891,1)","(0,1)"
0.03,3.26599e-08,2.55073e-05,2.782e-05,2e-08,"(892,1)","(0,1)"
0.03,1.73097e-06,3.20198e-05,3.434e-05,2e-08,"(893,1)","(0,1)"
0.03,1.66565e-06,1.70203e-05,3.508e-05,2e-08,"(894,1)","(0,1)"
0.03,5.87878e-07,5.95825e-06,3.512e-05,2e-08,"(895,1)","(0,1)"
0.03,6.53197e-08,3.63038e-05,5.52e-06,2e-08,"(896,1)","(0,1)"
0.03,1.37171e-06,3.31515e-05,1.042e-05,2e-08,"(897,1)","(0,1)"
0.03,1.30639e-07,1.36832e-05,5.58e-06,2e-08,"(898,1)","(0,1)"
0.03,1.20841e-06,3.49643e-05,9.84e-06,2e-08,"(899,1)","(0,1)"
0.03,3.26599e-08,1.28287e-05,8.5e-06,2e-08,"(900,1)","(0,1)"
0.03,3.26599e-08,4.07494e-05,1.306e-05,2e-08,"(901,1)","(0,1)"
0.03,3.26599e-08,2.52648e-05,8.84e-06,2e-08,"(902,1)","(0,1)"
0.03,3.26599e-08,9.01821e-06,1.914e-05,2e-08,"(903,1)","(0,1)"
0.03,1.43703e-06,4.08071e-05,2.492e-05,2e-08,"(904,1)","(0,1)"
0.03,3.26599e-08,1.2413e-05,3.462e-05,2e-08,"(905,1)","(0,1)"
0.03,1.95959e-06,2.1997e-05,2.922e-05,2e-08,"(906,1)","(0,1)"
0.03,3.26599e-08,4.10265e-05,2.238e-05,2e-08,"(907,1)","(0,1)"
0.03,1.76363e-06,2.55651e-05,1.38e-05,2e-08,"(908,1)","(0,1)"
0.03,8.49156e-07,1.82212e-05,5.76e-06,2e-08,"(909,1)","(0,1)"
0.03,1.63299e-06,2.15467e-05,3.76e-05,2e-08,"(910,1)","(0,1)"
0.03,1.60033e-06,2.00687e-05,1.212e-05,2e-08,"(911,1)","(0,1)"
0.03,3.26599e-08,2.4572e-05,5.44e-06,2e-08,"(912,1)","(0,1)"
0.03,1.24107e-06,1.50342e-05,3.96e-05,2e-08,"(913,1)","(0,1)"
0.03,3.26599e-08,4.86129e-06,2.162e-05,2e-08,"(914,1)","(0,1)"
0.03,8.16497e-07,3.89827e-05,9.8e-06,2e-08,"(915,1)","(0,1)"
0.03,3.26599e-08,7.52865e-06,1.764e-05,2e-08,"(916,1)","(0,1)"
0.03,6.53197e-08,1.47917e-05,4.506e-05,2e-08,"(917,1)","(0,1)"
0.03,1.01246e-06,7.07831e-06,1.742e-05,2e-08,"(918,1)","(0,1)"
0.03,1.66565e-06,1.77824e-05,3.54e-05,2e-08,"(919,1)","(0,1)"
0.03,3.26599e-08,5.34626e-06,3.182e-05,2e-08,"(920,1)","(0,1)"
0.03,3.26599e-08,3.35787e-05,1.052e-05,2e-08,"(921,1)","(0,1)"
0.03,3.26599e-08,2.6027e-05,2.64e-05,2e-08,"(922,1)","(0,1)"
0.03,3.26599e-08,3.58996e-05,3.606e-05,2e-08,"(923,1)","(0,1)"
0.03,1.63299e-06,3.46064e-05,1.558e-05,2e-08,"(924,1)","(0,1)"
0.03,3.26599e-08,5.2077e-06,3.01e-05,2e-08,"(925,1)","(0,1)"
0.03,3.26599e-08,2.07962e-05,2.826e-05,2e-08,"(926,1)","(0,1)"
0.03,3.26599e-08,1.33483e-05,3.968e-05,2e-08,"(927,1)","(0,1)"
0.03,3.26599e-08,2.21818e-05,4.374e-05,2e-08,"(928,1)","(0,1)"
0.03,1.01246e-06,1.62928e-05,7.62e-06,2e-08,"(929,1)","(0,1)"
0.03,3.26599e-08,3.64539e-05,1.27e-05,2e-08,"(930,1)","(0,1)"
0.03,9.14476e-07,8.41777e-06,1.346e-05,2e-08,"(931,1)","(0,1)"
0.03,1.46969e-06,1.36255e-05,3.564e-05,2e-08,"(932,1)","(0,1)"
0.03,1.46969e-06,2.26668e-05,9.9e-06,2e-08,"(933,1)","(0,1)"
0.03,3.26599e-08,1.11313e-05,2.196e-05,2e-08,"(934,1)","(0,1)"
0.03,3.26599e-08,1.56346e-05,4.324e-05,2e-08,"(935,1)","(0,1)"
0.03,1.04512e-06,1.351e-05,4.048e-05,2e-08,"(936,1)","(0,1)"
0.03,7.18517e-07,3.36018e-05,4.432e-05,2e-08,"(937,1)","(0,1)"
0.03,1.20841e-06,7.04367e-06,2.316e-05,2e-08,"(938,1)","(0,1)"
0.03,4.57238e-07,4.61765e-05,3.082e-05,2e-08,"(939,1)","(0,1)"
0.03,3.26599e-08,2.62348e-05,2.34e-05,2e-08,"(940,1)","(0,1)"
0.03,2.93939e-07,3.98487e-05,4.162e-05,2e-08,"(941,1)","(0,1)"
0.03,1.60033e-06,3.66964e-05,1.8e-05,2e-08,"(942,1)","(0,1)"
0.03,3.26599e-08,3.48951e-05,5.84e-06,2e-08,"(943,1)","(0,1)"
0.03,3.26599e-08,3.71121e-05,2.084e-05,2e-08,"(944,1)","(0,1)"
0.03,1.46969e-06,1.46301e-05,1.366e-05,2e-08,"(945,1)","(0,1)"
0.03,1.82895e-06,3.43639e-05,2.476e-05,2e-08,"(946,1)","(0,1)"
0.03,3.26599e-08,3.4999e-05,7.94e-06,2e-08,"(947,1)","(0,1)"
0.03,3.26599e-08,1.90641e-05,2.178e-05,2e-08,"(948,1)","(0,1)"
0.03,1.27373e-06,7.56329e-06,2.378e-05,2e-08,"(949,1)","(0,1)"
0.03,1.86161e-06,3.10153e-05,3.092e-05,2e-08,"(950,1)","(0,1)"
0.03,3.26599e-08,1.67432e-05,2.856e-05,2e-08,"(951,1)","(0,1)"
0.03,3.26599e-08,3.37173e-05,4.456e-05,2e-08,"(952,1)","(0,1)"
0.03,1.73097e-06,1.40412e-05,2.06e-05,2e-08,"(953,1)","(0,1)"
0.03,1.69831e-06,3.07959e-05,3.538e-05,2e-08,"(954,1)","(0,1)"
0.03,3.26599e-08,1.55654e-05,1.028e-05,2e-08,"(955,1)","(0,1)"
0.03,3.26599e-08,2.8244e-05,4.66e-05,2e-08,"(956,1)","(0,1)"
0.03,3.26599e-08,9.50319e-06,2.582e-05,2e-08,"(957,1)","(0,1)"
0.03,3.26599e-08,2.00687e-05,1.124e-05,2e-08,"(958,1)","(0,1)"
0.03,3.26599e-08,3.65925e-05,1.826e-05,2e-08,"(959,1)","(0,1)"
0.03,3.26599e-08,4.23775e-05,2.508e-05,2e-08,"(960,1)","(0,1)"
0.03,3.26599e-08,2.32903e-05,2.322e-05,2e-08,"(961,1)","(0,1)"
0.03,3.26599e-08,2.69276e-05,7.84e-06,2e-08,"(962,1)","(0,1)"
0.03,3.26599e-08,6.76655e-06,1.32e-05,2e-08,"(963,1)","(0,1)"
0.03,3.26599e-08,3.00799e-05,2.346e-05,2e-08,"(964,1)","(0,1)"
0.03,3.26599e-08,1.84406e-05,3.798e-05,2e-08,"(965,1)","(0,1)"
0.03,5.55218e-07,2.57845e-05,4.666e-05,2e-08,"(966,1)","(0,1)"
0.03,3.26599e-08,1.17202e-05,3.638e-05,2e-08,"(967,1)","(0,1)"
0.03,9.79796e-07,2.70893e-05,5.4e-06,2e-08,"(968,1)","(0,1)"
0.03,1.60033e-06,3.8948e-05,2.426e-05,2e-08,"(969,1)","(0,1)"
0.03,3.26599e-08,2.61655e-05,3.744e-05,2e-08,"(970,1)","(0,1)"
0.03,3.26599e-08,1.59464e-05,3.61e-05,2e-08,"(971,1)","(0,1)"
0.03,3.26599e-08,3.78742e-05,1.876e-05,2e-08,"(972,1)","(0,1)"
0.03,1.92693e-06,2.48145e-05,1.834e-05,2e-08,"(973,1)","(0,1)"
0.03,3.26599e-08,4.38671e-05,2.09e-05,2e-08,"(974,1)","(0,1)"
0.03,9.14476e-07,4.98831e-06,2.776e-05,2e-08,"(975,1)","(0,1)"
0.03,1.46969e-06,1.01614e-05,2.968e-05,2e-08,"(976,1)","(0,1)"
0.03,1.24107e-06,4.14999e-05,3.196e-05,2e-08,"(977,1)","(0,1)"
0.03,9.79796e-07,4.13614e-05,3.588e-05,2e-08,"(978,1)","(0,1)"
0.03,3.26599e-08,4.66384e-05,3.126e-05,2e-08,"(979,1)","(0,1)"
0.03,1.17576e-06,4.26777e-05,2.04e-05,2e-08,"(980,1)","(0,1)"
0.03,3.26599e-08,9.71103e-06,3.062e-05,2e-08,"(981,1)","(0,1)"
0.03,9.79796e-07,2.82671e-05,5.6e-06,2e-08,"(982,1)","(0,1)"
0.03,1.33905e-06,4.15115e-05,2.238e-05,2e-08,"(983,1)","(0,1)"
0.03,3.26599e-08,2.25282e-05,3.626e-05,2e-08,"(984,1)","(0,1)"
0.03,3.26599e-08,2.911e-05,4.354e-05,2e-08,"(985,1)","(0,1)"
0.03,6.85857e-07,3.68696e-05,7.38e-06,2e-08,"(986,1)","(0,1)"
0.03,5.22558e-07,2.40755e-05,4.678e-05,2e-08,"(987,1)","(0,1)"
0.03,3.26599e-08,1.3764e-05,2.376e-05,2e-08,"(988,1)","(0,1)"
0.03,1.95959e-06,2.01611e-05,2.272e-05,2e-08,"(989,1)","(0,1)"
0.03,1.30639e-06,1.15355e-05,3.57e-05,2e-08,"(990,1)","(0,1)"
0.03,1.37171e-06,4.16385e-05,2.532e-05,2e-08,"(991,1)","(0,1)"
0.03,1.82895e-06,2.13735e-05,1.618e-05,2e-08,"(992,1)","(0,1)"
0.03,1.82895e-06,1.61081e-05,2.922e-05,2e-08,"(993,1)","(0,1)"
0.03,3.26599e-08,3.37865e-05,1.328e-05,2e-08,"(994,1)","(0,1)"
0.03,4.24578e-07,1.90641e-05,3.78e-06,2e-08,"(995,1)","(0,1)"
0.03,1.50235e-06,2.68468e-05,4.002e-05,2e-08,"(996,1)","(0,1)"
0.03,1.99225e-06,2.16968e-05,2.314e-05,2e-08,"(997,1)","(0,1)"
0.03,3.26599e-08,3.20198e-05,9.3e-06,2e-08,"(998,1)","(0,1)"
0.03,1.1431e-06,2.47106e-05,4.356e-05,2e-08,"(999,1)","(0,1)"
